player,year,team
LR Shukla,2008,Kolkata Knight Riders
AB Dinda,2008,Kolkata Knight Riders
Salman Butt,2008,Kolkata Knight Riders
Umar Gul,2008,Kolkata Knight Riders
BJ Hodge,2008,Kolkata Knight Riders
A Chopra,2008,Kolkata Knight Riders
DJ Hussey,2008,Kolkata Knight Riders
SC Ganguly,2008,Kolkata Knight Riders
AB Agarkar,2008,Kolkata Knight Riders
BAW Mendis,2008,Kolkata Knight Riders
DB Das,2008,Kolkata Knight Riders
Shoaib Akhtar,2008,Kolkata Knight Riders
M Kartik,2008,Kolkata Knight Riders
BB McCullum,2008,Kolkata Knight Riders
RT Ponting,2008,Kolkata Knight Riders
I Sharma,2008,Kolkata Knight Riders
T Taibu,2008,Kolkata Knight Riders
Mohammad Hafeez,2008,Kolkata Knight Riders
WP Saha,2008,Kolkata Knight Riders
Iqbal Abdulla,2008,Kolkata Knight Riders
P Amarnath,2008,Chennai Super Kings
SP Fleming,2008,Chennai Super Kings
L Balaji,2008,Chennai Super Kings
S Anirudha,2008,Chennai Super Kings
A Mukund,2008,Chennai Super Kings
JA Morkel,2008,Chennai Super Kings
MS Gony,2008,Chennai Super Kings
SK Raina,2008,Chennai Super Kings
S Badrinath,2008,Chennai Super Kings
MEK Hussey,2008,Chennai Super Kings
PA Patel,2008,Chennai Super Kings
JDP Oram,2008,Chennai Super Kings
M Ntini,2008,Chennai Super Kings
CK Kapugedera,2008,Chennai Super Kings
ML Hayden,2008,Chennai Super Kings
Joginder Sharma,2008,Chennai Super Kings
S Vidyut,2008,Chennai Super Kings
M Muralitharan,2008,Chennai Super Kings
MS Dhoni,2008,Chennai Super Kings
GC Smith,2008,Rajasthan Royals
M Kaif,2008,Rajasthan Royals
RA Jadeja,2008,Rajasthan Royals
YK Pathan,2008,Rajasthan Royals
T Kohli,2008,Rajasthan Royals
SK Warne,2008,Rajasthan Royals
Sohail Tanvir,2008,Rajasthan Royals
NK Patel,2008,Rajasthan Royals
DS Lehmann,2008,Rajasthan Royals
SA Asnodkar,2008,Rajasthan Royals
SR Watson,2008,Rajasthan Royals
MM Patel,2008,Rajasthan Royals
Younis Khan,2008,Rajasthan Royals
D Salunkhe,2008,Rajasthan Royals
AD Mascarenhas,2008,Rajasthan Royals
Pankaj Singh,2008,Rajasthan Royals
SK Trivedi,2008,Rajasthan Royals
M Rawat,2008,Rajasthan Royals
Kamran Akmal,2008,Rajasthan Royals
SM Katich,2008,Punjab Kings
S Sreesanth,2008,Punjab Kings
PP Chawla,2008,Punjab Kings
SE Marsh,2008,Punjab Kings
RR Sarwan,2008,Punjab Kings
LA Pomersbach,2008,Punjab Kings
B Lee,2008,Punjab Kings
DPMD Jayawardene,2008,Punjab Kings
Yuvraj Singh,2008,Punjab Kings
RR Powar,2008,Punjab Kings
JR Hopes,2008,Punjab Kings
IK Pathan,2008,Punjab Kings
K Goel,2008,Punjab Kings
KC Sangakkara,2008,Punjab Kings
P Dharmani,2008,Punjab Kings
S Sohal,2008,Punjab Kings
TM Srivastava,2008,Punjab Kings
U Kaul,2008,Punjab Kings
Gagandeep Singh,2008,Punjab Kings
WA Mota,2008,Punjab Kings
VRV Singh,2008,Punjab Kings
R Dravid,2008,Royal Challengers Bangalore
S Chanderpaul,2008,Royal Challengers Bangalore
SP Goswami,2008,Royal Challengers Bangalore
A Kumble,2008,Royal Challengers Bangalore
MV Boucher,2008,Royal Challengers Bangalore
DT Patil,2008,Royal Challengers Bangalore
J Arunkumar,2008,Royal Challengers Bangalore
R Vinay Kumar,2008,Royal Challengers Bangalore
AA Noffke,2008,Royal Challengers Bangalore
P Kumar,2008,Royal Challengers Bangalore
JH Kallis,2008,Royal Challengers Bangalore
CL White,2008,Royal Challengers Bangalore
LRPL Taylor,2008,Royal Challengers Bangalore
Misbah-ul-Haq,2008,Royal Challengers Bangalore
SB Joshi,2008,Royal Challengers Bangalore
DW Steyn,2008,Royal Challengers Bangalore
B Akhil,2008,Royal Challengers Bangalore
V Kohli,2008,Royal Challengers Bangalore
W Jaffer,2008,Royal Challengers Bangalore
B Chipli,2008,Royal Challengers Bangalore
Z Khan,2008,Royal Challengers Bangalore
Abdur Razzak,2008,Royal Challengers Bangalore
KD Karthik,2008,Delhi Daredevils
Shoaib Malik,2008,Delhi Daredevils
MK Tiwary,2008,Delhi Daredevils
M Manhas,2008,Delhi Daredevils
G Gambhir,2008,Delhi Daredevils
S Dhawan,2008,Delhi Daredevils
GD McGrath,2008,Delhi Daredevils
PJ Sangwan,2008,Delhi Daredevils
AB de Villiers,2008,Delhi Daredevils
TM Dilshan,2008,Delhi Daredevils
DL Vettori,2008,Delhi Daredevils
Mohammad Asif,2008,Delhi Daredevils
A Mishra,2008,Delhi Daredevils
VY Mahesh,2008,Delhi Daredevils
B Geeves,2008,Delhi Daredevils
V Sehwag,2008,Delhi Daredevils
MF Maharoof,2008,Delhi Daredevils
R Bhatia,2008,Delhi Daredevils
SM Pollock,2008,Mumbai Indians
SR Tendulkar,2008,Mumbai Indians
RR Raje,2008,Mumbai Indians
A Nehra,2008,Mumbai Indians
VS Yeligati,2008,Mumbai Indians
YV Takawale,2008,Mumbai Indians
CRD Fernando,2008,Mumbai Indians
RV Pawar,2008,Mumbai Indians
SS Tiwary,2008,Mumbai Indians
PR Shah,2008,Mumbai Indians
DJ Bravo,2008,Mumbai Indians
MA Khote,2008,Mumbai Indians
ST Jayasuriya,2008,Mumbai Indians
DS Kulkarni,2008,Mumbai Indians
A Nel,2008,Mumbai Indians
AM Nayar,2008,Mumbai Indians
L Ronchi,2008,Mumbai Indians
AM Rahane,2008,Mumbai Indians
DR Smith,2008,Mumbai Indians
Harbhajan Singh,2008,Mumbai Indians
DJ Thornely,2008,Mumbai Indians
SD Chitnis,2008,Mumbai Indians
RV Uthappa,2008,Mumbai Indians
MK Pandey,2008,Mumbai Indians
HH Gibbs,2008,Deccan Chargers
SB Bangar,2008,Deccan Chargers
LPC Silva,2008,Deccan Chargers
DB Ravi Teja,2008,Deccan Chargers
D Kalyankrishna,2008,Deccan Chargers
PP Ojha,2008,Deccan Chargers
PM Sarvesh Kumar,2008,Deccan Chargers
DP Vijaykumar,2008,Deccan Chargers
RP Singh,2008,Deccan Chargers
AS Yadav,2008,Deccan Chargers
Y Venugopal Rao,2008,Deccan Chargers
SB Styris,2008,Deccan Chargers
VVS Laxman,2008,Deccan Chargers
A Symonds,2008,Deccan Chargers
AC Gilchrist,2008,Deccan Chargers
DNT Zoysa,2008,Deccan Chargers
WPUJC Vaas,2008,Deccan Chargers
H Das,2008,Deccan Chargers
Shahid Afridi,2008,Deccan Chargers
RG Sharma,2008,Deccan Chargers
AM Rahane,2009,Mumbai Indians
Harbhajan Singh,2009,Mumbai Indians
DS Kulkarni,2009,Mumbai Indians
GR Napier,2009,Mumbai Indians
DJ Bravo,2009,Mumbai Indians
Mohammad Ashraful,2009,Mumbai Indians
L Ronchi,2009,Mumbai Indians
RA Shaikh,2009,Mumbai Indians
C Nanda,2009,Mumbai Indians
JP Duminy,2009,Mumbai Indians
SR Tendulkar,2009,Mumbai Indians
PR Shah,2009,Mumbai Indians
S Dhawan,2009,Mumbai Indians
ST Jayasuriya,2009,Mumbai Indians
RR Raje,2009,Mumbai Indians
Z Khan,2009,Mumbai Indians
YV Takawale,2009,Mumbai Indians
SL Malinga,2009,Mumbai Indians
AM Nayar,2009,Mumbai Indians
SS Tiwary,2009,Mumbai Indians
PJ Sangwan,2009,Delhi Daredevils
G Gambhir,2009,Delhi Daredevils
MF Maharoof,2009,Delhi Daredevils
A Mishra,2009,Delhi Daredevils
DL Vettori,2009,Delhi Daredevils
A Nehra,2009,Delhi Daredevils
KD Karthik,2009,Delhi Daredevils
MK Tiwary,2009,Delhi Daredevils
V Sehwag,2009,Delhi Daredevils
AM Salvi,2009,Delhi Daredevils
AB de Villiers,2009,Delhi Daredevils
DP Nannes,2009,Delhi Daredevils
R Bhatia,2009,Delhi Daredevils
Y Nagar,2009,Delhi Daredevils
TM Dilshan,2009,Delhi Daredevils
VY Mahesh,2009,Delhi Daredevils
AB McDonald,2009,Delhi Daredevils
M Manhas,2009,Delhi Daredevils
DA Warner,2009,Delhi Daredevils
AD Mascarenhas,2009,Rajasthan Royals
A Singh,2009,Rajasthan Royals
PC Valthaty,2009,Rajasthan Royals
NK Patel,2009,Rajasthan Royals
LA Carseldine,2009,Rajasthan Royals
NV Ojha,2009,Rajasthan Royals
SK Trivedi,2009,Rajasthan Royals
YK Pathan,2009,Rajasthan Royals
GC Smith,2009,Rajasthan Royals
M Morkel,2009,Rajasthan Royals
J Botha,2009,Rajasthan Royals
MM Patel,2009,Rajasthan Royals
RJ Quiney,2009,Rajasthan Royals
Kamran Khan,2009,Rajasthan Royals
SM Harwood,2009,Rajasthan Royals
AS Raut,2009,Rajasthan Royals
M Rawat,2009,Rajasthan Royals
SK Warne,2009,Rajasthan Royals
RA Jadeja,2009,Rajasthan Royals
SD Chitnis,2009,Rajasthan Royals
T Henderson,2009,Rajasthan Royals
SA Asnodkar,2009,Rajasthan Royals
R Ashwin,2009,Chennai Super Kings
L Balaji,2009,Chennai Super Kings
MS Dhoni,2009,Chennai Super Kings
SB Jakati,2009,Chennai Super Kings
GJ Bailey,2009,Chennai Super Kings
S Badrinath,2009,Chennai Super Kings
JA Morkel,2009,Chennai Super Kings
SK Raina,2009,Chennai Super Kings
MS Gony,2009,Chennai Super Kings
M Vijay,2009,Chennai Super Kings
Joginder Sharma,2009,Chennai Super Kings
JDP Oram,2009,Chennai Super Kings
A Flintoff,2009,Chennai Super Kings
PA Patel,2009,Chennai Super Kings
S Tyagi,2009,Chennai Super Kings
M Muralitharan,2009,Chennai Super Kings
T Thushara,2009,Chennai Super Kings
ML Hayden,2009,Chennai Super Kings
Yashpal Singh,2009,Kolkata Knight Riders
AD Mathews,2009,Kolkata Knight Riders
Mashrafe Mortaza,2009,Kolkata Knight Riders
Anureet Singh,2009,Kolkata Knight Riders
BB McCullum,2009,Kolkata Knight Riders
AB Agarkar,2009,Kolkata Knight Riders
SC Ganguly,2009,Kolkata Knight Riders
BJ Hodge,2009,Kolkata Knight Riders
DJ Hussey,2009,Kolkata Knight Riders
AB Dinda,2009,Kolkata Knight Riders
M Kartik,2009,Kolkata Knight Riders
MN van Wyk,2009,Kolkata Knight Riders
SS Shaikh,2009,Kolkata Knight Riders
CH Gayle,2009,Kolkata Knight Riders
MC Henriques,2009,Kolkata Knight Riders
A Chopra,2009,Kolkata Knight Riders
LR Shukla,2009,Kolkata Knight Riders
BAW Mendis,2009,Kolkata Knight Riders
I Sharma,2009,Kolkata Knight Riders
AN Ghosh,2009,Kolkata Knight Riders
SB Bangar,2009,Kolkata Knight Riders
CK Langeveldt,2009,Kolkata Knight Riders
WP Saha,2009,Kolkata Knight Riders
SS Sarkar,2009,Kolkata Knight Riders
SM Katich,2009,Punjab Kings
PP Chawla,2009,Punjab Kings
WA Mota,2009,Punjab Kings
KC Sangakkara,2009,Punjab Kings
T Kohli,2009,Punjab Kings
DPMD Jayawardene,2009,Punjab Kings
Yuvraj Singh,2009,Punjab Kings
TM Srivastava,2009,Punjab Kings
IK Pathan,2009,Punjab Kings
VS Malik,2009,Punjab Kings
RR Powar,2009,Punjab Kings
RR Bose,2009,Punjab Kings
LA Pomersbach,2009,Punjab Kings
K Goel,2009,Punjab Kings
VRV Singh,2009,Punjab Kings
S Sreesanth,2009,Punjab Kings
B Lee,2009,Punjab Kings
RS Bopara,2009,Punjab Kings
YA Abdulla,2009,Punjab Kings
S Sohal,2009,Punjab Kings
RG Sharma,2009,Deccan Chargers
WPUJC Vaas,2009,Deccan Chargers
SB Styris,2009,Deccan Chargers
Harmeet Singh,2009,Deccan Chargers
VVS Laxman,2009,Deccan Chargers
TL Suman,2009,Deccan Chargers
A Symonds,2009,Deccan Chargers
HH Gibbs,2009,Deccan Chargers
RJ Harris,2009,Deccan Chargers
Y Venugopal Rao,2009,Deccan Chargers
AA Bilakhia,2009,Deccan Chargers
FH Edwards,2009,Deccan Chargers
Jaskaran Singh,2009,Deccan Chargers
DR Smith,2009,Deccan Chargers
RP Singh,2009,Deccan Chargers
AC Gilchrist,2009,Deccan Chargers
PP Ojha,2009,Deccan Chargers
Shoaib Ahmed,2009,Deccan Chargers
DB Ravi Teja,2009,Deccan Chargers
RE van der Merwe,2009,Royal Challengers Bangalore
JH Kallis,2009,Royal Challengers Bangalore
W Jaffer,2009,Royal Challengers Bangalore
D du Preez,2009,Royal Challengers Bangalore
MV Boucher,2009,Royal Challengers Bangalore
R Dravid,2009,Royal Challengers Bangalore
A Mithun,2009,Royal Challengers Bangalore
KP Pietersen,2009,Royal Challengers Bangalore
V Kohli,2009,Royal Challengers Bangalore
P Kumar,2009,Royal Challengers Bangalore
SP Goswami,2009,Royal Challengers Bangalore
A Kumble,2009,Royal Challengers Bangalore
KP Appanna,2009,Royal Challengers Bangalore
MK Pandey,2009,Royal Challengers Bangalore
DW Steyn,2009,Royal Challengers Bangalore
R Bishnoi,2009,Royal Challengers Bangalore
R Vinay Kumar,2009,Royal Challengers Bangalore
B Akhil,2009,Royal Challengers Bangalore
Pankaj Singh,2009,Royal Challengers Bangalore
RV Uthappa,2009,Royal Challengers Bangalore
KV Sharma,2009,Royal Challengers Bangalore
JD Ryder,2009,Royal Challengers Bangalore
LRPL Taylor,2009,Royal Challengers Bangalore
MV Boucher,2010,Royal Challengers Bangalore
KP Pietersen,2010,Royal Challengers Bangalore
EJG Morgan,2010,Royal Challengers Bangalore
KP Appanna,2010,Royal Challengers Bangalore
ND Doshi,2010,Royal Challengers Bangalore
RE van der Merwe,2010,Royal Challengers Bangalore
DW Steyn,2010,Royal Challengers Bangalore
LRPL Taylor,2010,Royal Challengers Bangalore
S Sriram,2010,Royal Challengers Bangalore
B Akhil,2010,Royal Challengers Bangalore
RV Uthappa,2010,Royal Challengers Bangalore
A Kumble,2010,Royal Challengers Bangalore
P Kumar,2010,Royal Challengers Bangalore
Pankaj Singh,2010,Royal Challengers Bangalore
R Dravid,2010,Royal Challengers Bangalore
A Mithun,2010,Royal Challengers Bangalore
MK Pandey,2010,Royal Challengers Bangalore
R Vinay Kumar,2010,Royal Challengers Bangalore
SP Goswami,2010,Royal Challengers Bangalore
JH Kallis,2010,Royal Challengers Bangalore
CL White,2010,Royal Challengers Bangalore
V Kohli,2010,Royal Challengers Bangalore
SE Marsh,2010,Punjab Kings
YA Abdulla,2010,Punjab Kings
DPMD Jayawardene,2010,Punjab Kings
SJ Srivastava,2010,Punjab Kings
J Theron,2010,Punjab Kings
VRV Singh,2010,Punjab Kings
IK Pathan,2010,Punjab Kings
MS Bisla,2010,Punjab Kings
B Lee,2010,Punjab Kings
K Goel,2010,Punjab Kings
RS Bopara,2010,Punjab Kings
KC Sangakkara,2010,Punjab Kings
L Ablish,2010,Punjab Kings
RS Sodhi,2010,Punjab Kings
PP Chawla,2010,Punjab Kings
Bipul Sharma,2010,Punjab Kings
S Sreesanth,2010,Punjab Kings
S Sohal,2010,Punjab Kings
VS Malik,2010,Punjab Kings
Yuvraj Singh,2010,Punjab Kings
RR Powar,2010,Punjab Kings
AB Barath,2010,Punjab Kings
M Kaif,2010,Punjab Kings
C Madan,2010,Mumbai Indians
ST Jayasuriya,2010,Mumbai Indians
SR Tendulkar,2010,Mumbai Indians
Harbhajan Singh,2010,Mumbai Indians
R McLaren,2010,Mumbai Indians
AG Murtaza,2010,Mumbai Indians
Z Khan,2010,Mumbai Indians
CRD Fernando,2010,Mumbai Indians
DS Kulkarni,2010,Mumbai Indians
AN Ahmed,2010,Mumbai Indians
DJ Bravo,2010,Mumbai Indians
SS Tiwary,2010,Mumbai Indians
SL Malinga,2010,Mumbai Indians
AP Tare,2010,Mumbai Indians
AM Nayar,2010,Mumbai Indians
S Dhawan,2010,Mumbai Indians
R Sathish,2010,Mumbai Indians
STR Binny,2010,Mumbai Indians
JP Duminy,2010,Mumbai Indians
AT Rayudu,2010,Mumbai Indians
KA Pollard,2010,Mumbai Indians
A Uniyal,2010,Rajasthan Royals
AG Paunikar,2010,Rajasthan Royals
AP Dole,2010,Rajasthan Royals
SK Warne,2010,Rajasthan Royals
P Dogra,2010,Rajasthan Royals
S Narwal,2010,Rajasthan Royals
NV Ojha,2010,Rajasthan Royals
DR Martyn,2010,Rajasthan Royals
SK Trivedi,2010,Rajasthan Royals
GC Smith,2010,Rajasthan Royals
MM Patel,2010,Rajasthan Royals
AA Jhunjhunwala,2010,Rajasthan Royals
Kamran Khan,2010,Rajasthan Royals
SR Watson,2010,Rajasthan Royals
M Morkel,2010,Rajasthan Royals
YK Pathan,2010,Rajasthan Royals
AC Voges,2010,Rajasthan Royals
MJ Lumb,2010,Rajasthan Royals
AS Raut,2010,Rajasthan Royals
FY Fazal,2010,Rajasthan Royals
SB Wagh,2010,Rajasthan Royals
AD Mascarenhas,2010,Rajasthan Royals
SA Asnodkar,2010,Rajasthan Royals
SW Tait,2010,Rajasthan Royals
AJ Finch,2010,Rajasthan Royals
Harpreet Singh,2010,Kolkata Knight Riders
CK Langeveldt,2010,Kolkata Knight Riders
SC Ganguly,2010,Kolkata Knight Riders
RS Gavaskar,2010,Kolkata Knight Riders
DJ Hussey,2010,Kolkata Knight Riders
MB Parmar,2010,Kolkata Knight Riders
AB Dinda,2010,Kolkata Knight Riders
AD Mathews,2010,Kolkata Knight Riders
BAW Mendis,2010,Kolkata Knight Riders
M Kartik,2010,Kolkata Knight Riders
LR Shukla,2010,Kolkata Knight Riders
SE Bond,2010,Kolkata Knight Riders
I Sharma,2010,Kolkata Knight Riders
AB Agarkar,2010,Kolkata Knight Riders
OA Shah,2010,Kolkata Knight Riders
Mandeep Singh,2010,Kolkata Knight Riders
Iqbal Abdulla,2010,Kolkata Knight Riders
CH Gayle,2010,Kolkata Knight Riders
BB McCullum,2010,Kolkata Knight Riders
CA Pujara,2010,Kolkata Knight Riders
JD Unadkat,2010,Kolkata Knight Riders
BJ Hodge,2010,Kolkata Knight Riders
WP Saha,2010,Kolkata Knight Riders
MK Tiwary,2010,Kolkata Knight Riders
S Tyagi,2010,Chennai Super Kings
R Ashwin,2010,Chennai Super Kings
MS Gony,2010,Chennai Super Kings
Joginder Sharma,2010,Chennai Super Kings
ML Hayden,2010,Chennai Super Kings
JM Kemp,2010,Chennai Super Kings
SB Jakati,2010,Chennai Super Kings
KB Arun Karthik,2010,Chennai Super Kings
DE Bollinger,2010,Chennai Super Kings
MS Dhoni,2010,Chennai Super Kings
MEK Hussey,2010,Chennai Super Kings
S Badrinath,2010,Chennai Super Kings
S Anirudha,2010,Chennai Super Kings
L Balaji,2010,Chennai Super Kings
NLTC Perera,2010,Chennai Super Kings
PA Patel,2010,Chennai Super Kings
SK Raina,2010,Chennai Super Kings
T Thushara,2010,Chennai Super Kings
GJ Bailey,2010,Chennai Super Kings
C Ganapathy,2010,Chennai Super Kings
M Vijay,2010,Chennai Super Kings
M Muralitharan,2010,Chennai Super Kings
JA Morkel,2010,Chennai Super Kings
WPUJC Vaas,2010,Deccan Chargers
RP Singh,2010,Deccan Chargers
Jaskaran Singh,2010,Deccan Chargers
B Sumanth,2010,Deccan Chargers
Harmeet Singh,2010,Deccan Chargers
AA Bilakhia,2010,Deccan Chargers
HH Gibbs,2010,Deccan Chargers
MR Marsh,2010,Deccan Chargers
KAJ Roach,2010,Deccan Chargers
MD Mishra,2010,Deccan Chargers
TL Suman,2010,Deccan Chargers
AC Gilchrist,2010,Deccan Chargers
Anirudh Singh,2010,Deccan Chargers
R Sharma,2010,Deccan Chargers
DR Smith,2010,Deccan Chargers
RJ Harris,2010,Deccan Chargers
A Symonds,2010,Deccan Chargers
PP Ojha,2010,Deccan Chargers
RG Sharma,2010,Deccan Chargers
Y Venugopal Rao,2010,Deccan Chargers
VVS Laxman,2010,Deccan Chargers
KD Karthik,2010,Delhi Daredevils
TM Dilshan,2010,Delhi Daredevils
V Sehwag,2010,Delhi Daredevils
DA Warner,2010,Delhi Daredevils
KM Jadhav,2010,Delhi Daredevils
PJ Sangwan,2010,Delhi Daredevils
AB de Villiers,2010,Delhi Daredevils
PD Collingwood,2010,Delhi Daredevils
AB McDonald,2010,Delhi Daredevils
DL Vettori,2010,Delhi Daredevils
A Nehra,2010,Delhi Daredevils
UT Yadav,2010,Delhi Daredevils
A Mishra,2010,Delhi Daredevils
MC Henriques,2010,Delhi Daredevils
G Gambhir,2010,Delhi Daredevils
MF Maharoof,2010,Delhi Daredevils
S Ladda,2010,Delhi Daredevils
VY Mahesh,2010,Delhi Daredevils
Y Nagar,2010,Delhi Daredevils
DP Nannes,2010,Delhi Daredevils
M Manhas,2010,Delhi Daredevils
R Bhatia,2010,Delhi Daredevils
ND Doshi,2011,Rajasthan Royals
SK Trivedi,2011,Rajasthan Royals
PR Shah,2011,Rajasthan Royals
JDP Oram,2011,Rajasthan Royals
DH Yagnik,2011,Rajasthan Royals
LRPL Taylor,2011,Rajasthan Royals
SR Watson,2011,Rajasthan Royals
AA Chavan,2011,Rajasthan Royals
R Dravid,2011,Rajasthan Royals
AG Paunikar,2011,Rajasthan Royals
FY Fazal,2011,Rajasthan Royals
Pankaj Singh,2011,Rajasthan Royals
AL Menaria,2011,Rajasthan Royals
A Singh,2011,Rajasthan Royals
SW Tait,2011,Rajasthan Royals
J Botha,2011,Rajasthan Royals
STR Binny,2011,Rajasthan Royals
SA Asnodkar,2011,Rajasthan Royals
AS Raut,2011,Rajasthan Royals
SK Warne,2011,Rajasthan Royals
AM Rahane,2011,Rajasthan Royals
AN Ahmed,2011,Mumbai Indians
Harbhajan Singh,2011,Mumbai Indians
DS Kulkarni,2011,Mumbai Indians
DJ Jacobs,2011,Mumbai Indians
A Symonds,2011,Mumbai Indians
TL Suman,2011,Mumbai Indians
SL Malinga,2011,Mumbai Indians
KA Pollard,2011,Mumbai Indians
RG Sharma,2011,Mumbai Indians
AC Blizzard,2011,Mumbai Indians
SR Tendulkar,2011,Mumbai Indians
R Sathish,2011,Mumbai Indians
MM Patel,2011,Mumbai Indians
RW Price,2011,Mumbai Indians
AG Murtaza,2011,Mumbai Indians
AT Rayudu,2011,Mumbai Indians
JEC Franklin,2011,Mumbai Indians
S Anirudha,2011,Chennai Super Kings
TG Southee,2011,Chennai Super Kings
M Vijay,2011,Chennai Super Kings
DJ Bravo,2011,Chennai Super Kings
SB Styris,2011,Chennai Super Kings
Joginder Sharma,2011,Chennai Super Kings
S Badrinath,2011,Chennai Super Kings
MEK Hussey,2011,Chennai Super Kings
R Ashwin,2011,Chennai Super Kings
WP Saha,2011,Chennai Super Kings
DE Bollinger,2011,Chennai Super Kings
MS Dhoni,2011,Chennai Super Kings
JA Morkel,2011,Chennai Super Kings
KMDN Kulasekara,2011,Chennai Super Kings
SB Jakati,2011,Chennai Super Kings
S Randiv,2011,Chennai Super Kings
SK Raina,2011,Chennai Super Kings
R McLaren,2011,Punjab Kings
KD Karthik,2011,Punjab Kings
PP Chawla,2011,Punjab Kings
SE Marsh,2011,Punjab Kings
PC Valthaty,2011,Punjab Kings
Bipul Sharma,2011,Punjab Kings
RJ Harris,2011,Punjab Kings
L Ablish,2011,Punjab Kings
VS Malik,2011,Punjab Kings
AC Gilchrist,2011,Punjab Kings
SJ Srivastava,2011,Punjab Kings
NJ Rimmington,2011,Punjab Kings
P Kumar,2011,Punjab Kings
BA Bhatt,2011,Punjab Kings
Sunny Singh,2011,Punjab Kings
Mandeep Singh,2011,Punjab Kings
DJ Hussey,2011,Punjab Kings
SD Chitnis,2011,Punjab Kings
AM Nayar,2011,Punjab Kings
BB McCullum,2011,Kochi Tuskers Kerala
Y Gnaneswara Rao,2011,Kochi Tuskers Kerala
RV Gomez,2011,Kochi Tuskers Kerala
M Muralitharan,2011,Kochi Tuskers Kerala
RA Jadeja,2011,Kochi Tuskers Kerala
PA Patel,2011,Kochi Tuskers Kerala
RR Powar,2011,Kochi Tuskers Kerala
RP Singh,2011,Kochi Tuskers Kerala
OA Shah,2011,Kochi Tuskers Kerala
BJ Hodge,2011,Kochi Tuskers Kerala
P Prasanth,2011,Kochi Tuskers Kerala
M Klinger,2011,Kochi Tuskers Kerala
B Akhil,2011,Kochi Tuskers Kerala
NLTC Perera,2011,Kochi Tuskers Kerala
R Vinay Kumar,2011,Kochi Tuskers Kerala
DPMD Jayawardene,2011,Kochi Tuskers Kerala
S Sreesanth,2011,Kochi Tuskers Kerala
KM Jadhav,2011,Kochi Tuskers Kerala
VVS Laxman,2011,Kochi Tuskers Kerala
P Parameswaran,2011,Kochi Tuskers Kerala
J Syed Mohammad,2011,Royal Challengers Bangalore
V Kohli,2011,Royal Challengers Bangalore
S Aravind,2011,Royal Challengers Bangalore
DL Vettori,2011,Royal Challengers Bangalore
DP Nannes,2011,Royal Challengers Bangalore
CA Pujara,2011,Royal Challengers Bangalore
TM Dilshan,2011,Royal Challengers Bangalore
KB Arun Karthik,2011,Royal Challengers Bangalore
JJ van der Wath,2011,Royal Challengers Bangalore
A Mithun,2011,Royal Challengers Bangalore
CK Langeveldt,2011,Royal Challengers Bangalore
SS Tiwary,2011,Royal Challengers Bangalore
AUK Pathan,2011,Royal Challengers Bangalore
R Ninan,2011,Royal Challengers Bangalore
LA Pomersbach,2011,Royal Challengers Bangalore
AA Kazi,2011,Royal Challengers Bangalore
MA Agarwal,2011,Royal Challengers Bangalore
Z Khan,2011,Royal Challengers Bangalore
M Kaif,2011,Royal Challengers Bangalore
CH Gayle,2011,Royal Challengers Bangalore
AB de Villiers,2011,Royal Challengers Bangalore
JD Ryder,2011,Pune Warriors
CJ Ferguson,2011,Pune Warriors
AA Jhunjhunwala,2011,Pune Warriors
Harpreet Singh,2011,Pune Warriors
MK Pandey,2011,Pune Warriors
AC Thomas,2011,Pune Warriors
B Kumar,2011,Pune Warriors
WD Parnell,2011,Pune Warriors
GC Smith,2011,Pune Warriors
Kamran Khan,2011,Pune Warriors
M Kartik,2011,Pune Warriors
JE Taylor,2011,Pune Warriors
SC Ganguly,2011,Pune Warriors
M Manhas,2011,Pune Warriors
TD Paine,2011,Pune Warriors
MR Marsh,2011,Pune Warriors
RV Uthappa,2011,Pune Warriors
JP Faulkner,2011,Pune Warriors
R Sharma,2011,Pune Warriors
Yuvraj Singh,2011,Pune Warriors
S Rana,2011,Pune Warriors
SS Mundhe,2011,Pune Warriors
SB Wagh,2011,Pune Warriors
NL McCullum,2011,Pune Warriors
MD Mishra,2011,Pune Warriors
R Bhatia,2011,Kolkata Knight Riders
MS Bisla,2011,Kolkata Knight Riders
MK Tiwary,2011,Kolkata Knight Riders
SP Goswami,2011,Kolkata Knight Riders
Shakib Al Hasan,2011,Kolkata Knight Riders
EJG Morgan,2011,Kolkata Knight Riders
RN ten Doeschate,2011,Kolkata Knight Riders
Iqbal Abdulla,2011,Kolkata Knight Riders
JH Kallis,2011,Kolkata Knight Riders
L Balaji,2011,Kolkata Knight Riders
BJ Haddin,2011,Kolkata Knight Riders
LR Shukla,2011,Kolkata Knight Riders
B Lee,2011,Kolkata Knight Riders
YK Pathan,2011,Kolkata Knight Riders
S Ladda,2011,Kolkata Knight Riders
G Gambhir,2011,Kolkata Knight Riders
JD Unadkat,2011,Kolkata Knight Riders
MV Boucher,2011,Kolkata Knight Riders
CA Ingram,2011,Delhi Daredevils
JR Hopes,2011,Delhi Daredevils
Y Nagar,2011,Delhi Daredevils
DA Warner,2011,Delhi Daredevils
S Sriram,2011,Delhi Daredevils
AM Salvi,2011,Delhi Daredevils
S Nadeem,2011,Delhi Daredevils
IK Pathan,2011,Delhi Daredevils
RE van der Merwe,2011,Delhi Daredevils
AB Agarkar,2011,Delhi Daredevils
AB Dinda,2011,Delhi Daredevils
M Morkel,2011,Delhi Daredevils
MS Wade,2011,Delhi Daredevils
UBT Chand,2011,Delhi Daredevils
VR Aaron,2011,Delhi Daredevils
TR Birt,2011,Delhi Daredevils
UT Yadav,2011,Delhi Daredevils
AB McDonald,2011,Delhi Daredevils
Y Venugopal Rao,2011,Delhi Daredevils
NV Ojha,2011,Delhi Daredevils
AJ Finch,2011,Delhi Daredevils
V Sehwag,2011,Delhi Daredevils
Harmeet Singh,2011,Deccan Chargers
IR Jaggi,2011,Deccan Chargers
DW Steyn,2011,Deccan Chargers
PP Ojha,2011,Deccan Chargers
DT Christian,2011,Deccan Chargers
I Sharma,2011,Deccan Chargers
KH Devdhar,2011,Deccan Chargers
MJ Lumb,2011,Deccan Chargers
S Sohal,2011,Deccan Chargers
I Malhotra,2011,Deccan Chargers
JP Duminy,2011,Deccan Chargers
A Mishra,2011,Deccan Chargers
Anand Rajan,2011,Deccan Chargers
CL White,2011,Deccan Chargers
B Chipli,2011,Deccan Chargers
KC Sangakkara,2011,Deccan Chargers
MS Gony,2011,Deccan Chargers
S Dhawan,2011,Deccan Chargers
DB Ravi Teja,2011,Deccan Chargers
Bipul Sharma,2012,Punjab Kings
DA Miller,2012,Punjab Kings
RJ Harris,2012,Punjab Kings
Harmeet Singh,2012,Punjab Kings
JP Faulkner,2012,Punjab Kings
Azhar Mahmood,2012,Punjab Kings
DJ Hussey,2012,Punjab Kings
Mandeep Singh,2012,Punjab Kings
P Kumar,2012,Punjab Kings
AC Gilchrist,2012,Punjab Kings
PP Chawla,2012,Punjab Kings
AD Mascarenhas,2012,Punjab Kings
SE Marsh,2012,Punjab Kings
SD Chitnis,2012,Punjab Kings
P Dogra,2012,Punjab Kings
PC Valthaty,2012,Punjab Kings
Gurkeerat Singh,2012,Punjab Kings
AM Nayar,2012,Punjab Kings
P Awana,2012,Punjab Kings
BA Bhatt,2012,Punjab Kings
RR Powar,2012,Punjab Kings
N Saini,2012,Punjab Kings
MN Samuels,2012,Pune Warriors
Harpreet Singh,2012,Pune Warriors
AB Dinda,2012,Pune Warriors
AD Mathews,2012,Pune Warriors
WD Parnell,2012,Pune Warriors
MD Mishra,2012,Pune Warriors
LJ Wright,2012,Pune Warriors
A Nehra,2012,Pune Warriors
AG Murtaza,2012,Pune Warriors
M Manhas,2012,Pune Warriors
SPD Smith,2012,Pune Warriors
JD Ryder,2012,Pune Warriors
M Kartik,2012,Pune Warriors
RV Uthappa,2012,Pune Warriors
R Sharma,2012,Pune Warriors
AP Majumdar,2012,Pune Warriors
SC Ganguly,2012,Pune Warriors
B Kumar,2012,Pune Warriors
MJ Clarke,2012,Pune Warriors
AC Thomas,2012,Pune Warriors
MK Pandey,2012,Pune Warriors
K Upadhyay,2012,Pune Warriors
CJ Ferguson,2012,Pune Warriors
SK Trivedi,2012,Rajasthan Royals
A Chandila,2012,Rajasthan Royals
SP Goswami,2012,Rajasthan Royals
DH Yagnik,2012,Rajasthan Royals
STR Binny,2012,Rajasthan Royals
AM Rahane,2012,Rajasthan Royals
AL Menaria,2012,Rajasthan Royals
AA Chavan,2012,Rajasthan Royals
SW Tait,2012,Rajasthan Royals
A Singh,2012,Rajasthan Royals
SR Watson,2012,Rajasthan Royals
J Botha,2012,Rajasthan Royals
KK Cooper,2012,Rajasthan Royals
GB Hogg,2012,Rajasthan Royals
OA Shah,2012,Rajasthan Royals
BJ Hodge,2012,Rajasthan Royals
Pankaj Singh,2012,Rajasthan Royals
R Dravid,2012,Rajasthan Royals
B Lee,2012,Kolkata Knight Riders
JH Kallis,2012,Kolkata Knight Riders
M de Lange,2012,Kolkata Knight Riders
L Balaji,2012,Kolkata Knight Riders
R Bhatia,2012,Kolkata Knight Riders
DB Das,2012,Kolkata Knight Riders
G Gambhir,2012,Kolkata Knight Riders
Shakib Al Hasan,2012,Kolkata Knight Riders
RN ten Doeschate,2012,Kolkata Knight Riders
YK Pathan,2012,Kolkata Knight Riders
MK Tiwary,2012,Kolkata Knight Riders
MS Bisla,2012,Kolkata Knight Riders
JD Unadkat,2012,Kolkata Knight Riders
SP Narine,2012,Kolkata Knight Riders
Iqbal Abdulla,2012,Kolkata Knight Riders
LR Shukla,2012,Kolkata Knight Riders
BB McCullum,2012,Kolkata Knight Riders
PJ Sangwan,2012,Kolkata Knight Riders
DA Warner,2012,Delhi Daredevils
AB Agarkar,2012,Delhi Daredevils
UT Yadav,2012,Delhi Daredevils
VR Aaron,2012,Delhi Daredevils
AJ Finch,2012,Delhi Daredevils
P Negi,2012,Delhi Daredevils
V Sehwag,2012,Delhi Daredevils
S Nadeem,2012,Delhi Daredevils
KP Pietersen,2012,Delhi Daredevils
Sunny Gupta,2012,Delhi Daredevils
DPMD Jayawardene,2012,Delhi Daredevils
RE van der Merwe,2012,Delhi Daredevils
Y Nagar,2012,Delhi Daredevils
UBT Chand,2012,Delhi Daredevils
Y Venugopal Rao,2012,Delhi Daredevils
M Morkel,2012,Delhi Daredevils
AD Russell,2012,Delhi Daredevils
GJ Maxwell,2012,Delhi Daredevils
IK Pathan,2012,Delhi Daredevils
DAJ Bracewell,2012,Delhi Daredevils
LRPL Taylor,2012,Delhi Daredevils
NV Ojha,2012,Delhi Daredevils
AN Ahmed,2012,Mumbai Indians
SL Malinga,2012,Mumbai Indians
TL Suman,2012,Mumbai Indians
SR Tendulkar,2012,Mumbai Indians
Harbhajan Singh,2012,Mumbai Indians
AT Rayudu,2012,Mumbai Indians
MM Patel,2012,Mumbai Indians
HH Gibbs,2012,Mumbai Indians
NLTC Perera,2012,Mumbai Indians
RJ Peterson,2012,Mumbai Indians
KD Karthik,2012,Mumbai Indians
DJ Jacobs,2012,Mumbai Indians
DR Smith,2012,Mumbai Indians
JEC Franklin,2012,Mumbai Indians
PP Ojha,2012,Mumbai Indians
SA Yadav,2012,Mumbai Indians
R Shukla,2012,Mumbai Indians
KA Pollard,2012,Mumbai Indians
RP Singh,2012,Mumbai Indians
DS Kulkarni,2012,Mumbai Indians
RE Levi,2012,Mumbai Indians
CJ McKay,2012,Mumbai Indians
AC Blizzard,2012,Mumbai Indians
RG Sharma,2012,Mumbai Indians
RA Jadeja,2012,Chennai Super Kings
M Vijay,2012,Chennai Super Kings
R Ashwin,2012,Chennai Super Kings
S Anirudha,2012,Chennai Super Kings
MS Dhoni,2012,Chennai Super Kings
KMDN Kulasekara,2012,Chennai Super Kings
F du Plessis,2012,Chennai Super Kings
SK Raina,2012,Chennai Super Kings
S Badrinath,2012,Chennai Super Kings
DE Bollinger,2012,Chennai Super Kings
WP Saha,2012,Chennai Super Kings
SB Jakati,2012,Chennai Super Kings
DJ Bravo,2012,Chennai Super Kings
VY Mahesh,2012,Chennai Super Kings
MEK Hussey,2012,Chennai Super Kings
JA Morkel,2012,Chennai Super Kings
BW Hilfenhaus,2012,Chennai Super Kings
CH Gayle,2012,Royal Challengers Bangalore
S Aravind,2012,Royal Challengers Bangalore
J Syed Mohammad,2012,Royal Challengers Bangalore
V Kohli,2012,Royal Challengers Bangalore
MA Agarwal,2012,Royal Challengers Bangalore
AUK Pathan,2012,Royal Challengers Bangalore
P Parameswaran,2012,Royal Challengers Bangalore
R Vinay Kumar,2012,Royal Challengers Bangalore
KB Arun Karthik,2012,Royal Challengers Bangalore
Z Khan,2012,Royal Challengers Bangalore
AB McDonald,2012,Royal Challengers Bangalore
TM Dilshan,2012,Royal Challengers Bangalore
AB de Villiers,2012,Royal Challengers Bangalore
KP Appanna,2012,Royal Challengers Bangalore
RR Bhatkal,2012,Royal Challengers Bangalore
HV Patel,2012,Royal Challengers Bangalore
M Muralitharan,2012,Royal Challengers Bangalore
SS Tiwary,2012,Royal Challengers Bangalore
CA Pujara,2012,Royal Challengers Bangalore
A Mithun,2012,Royal Challengers Bangalore
DL Vettori,2012,Royal Challengers Bangalore
M Kaif,2012,Royal Challengers Bangalore
T Mishra,2012,Deccan Chargers
S Dhawan,2012,Deccan Chargers
CL White,2012,Deccan Chargers
AA Jhunjhunwala,2012,Deccan Chargers
J Theron,2012,Deccan Chargers
PA Patel,2012,Deccan Chargers
DT Christian,2012,Deccan Chargers
MS Gony,2012,Deccan Chargers
DB Ravi Teja,2012,Deccan Chargers
KC Sangakkara,2012,Deccan Chargers
DJ Harris,2012,Deccan Chargers
TP Sudhindra,2012,Deccan Chargers
DW Steyn,2012,Deccan Chargers
A Mishra,2012,Deccan Chargers
JP Duminy,2012,Deccan Chargers
IR Jaggi,2012,Deccan Chargers
A Ashish Reddy,2012,Deccan Chargers
PA Reddy,2012,Deccan Chargers
CA Lynn,2012,Deccan Chargers
Ankit Sharma,2012,Deccan Chargers
Anand Rajan,2012,Deccan Chargers
V Pratap Singh,2012,Deccan Chargers
B Chipli,2012,Deccan Chargers
BB Samantray,2012,Deccan Chargers
Harbhajan Singh,2013,Mumbai Indians
R Dhawan,2013,Mumbai Indians
AP Tare,2013,Mumbai Indians
AN Ahmed,2013,Mumbai Indians
MG Johnson,2013,Mumbai Indians
DR Smith,2013,Mumbai Indians
P Suyal,2013,Mumbai Indians
MM Patel,2013,Mumbai Indians
DS Kulkarni,2013,Mumbai Indians
RT Ponting,2013,Mumbai Indians
NM Coulter-Nile,2013,Mumbai Indians
RG Sharma,2013,Mumbai Indians
PP Ojha,2013,Mumbai Indians
SL Malinga,2013,Mumbai Indians
KA Pollard,2013,Mumbai Indians
JJ Bumrah,2013,Mumbai Indians
JDP Oram,2013,Mumbai Indians
AT Rayudu,2013,Mumbai Indians
YS Chahal,2013,Mumbai Indians
KD Karthik,2013,Mumbai Indians
GJ Maxwell,2013,Mumbai Indians
SR Tendulkar,2013,Mumbai Indians
A Mishra,2013,Sunrisers Hyderabad
KV Sharma,2013,Sunrisers Hyderabad
I Sharma,2013,Sunrisers Hyderabad
KC Sangakkara,2013,Sunrisers Hyderabad
GH Vihari,2013,Sunrisers Hyderabad
DJG Sammy,2013,Sunrisers Hyderabad
NLTC Perera,2013,Sunrisers Hyderabad
Anand Rajan,2013,Sunrisers Hyderabad
A Ashish Reddy,2013,Sunrisers Hyderabad
Ankit Sharma,2013,Sunrisers Hyderabad
Q de Kock,2013,Sunrisers Hyderabad
BB Samantray,2013,Sunrisers Hyderabad
S Dhawan,2013,Sunrisers Hyderabad
PA Reddy,2013,Sunrisers Hyderabad
DW Steyn,2013,Sunrisers Hyderabad
CL White,2013,Sunrisers Hyderabad
DB Ravi Teja,2013,Sunrisers Hyderabad
PA Patel,2013,Sunrisers Hyderabad
X Thalaivan Sargunam,2013,Sunrisers Hyderabad
AC Gilchrist,2013,Punjab Kings
LA Pomersbach,2013,Punjab Kings
MS Gony,2013,Punjab Kings
DA Miller,2013,Punjab Kings
PP Chawla,2013,Punjab Kings
MG Neser,2013,Punjab Kings
Harmeet Singh,2013,Punjab Kings
P Awana,2013,Punjab Kings
P Kumar,2013,Punjab Kings
Azhar Mahmood,2013,Punjab Kings
PC Valthaty,2013,Punjab Kings
Mandeep Singh,2013,Punjab Kings
RJ Harris,2013,Punjab Kings
BA Bhatt,2013,Punjab Kings
DJ Hussey,2013,Punjab Kings
R Sathish,2013,Punjab Kings
Sandeep Sharma,2013,Punjab Kings
Gurkeerat Singh,2013,Punjab Kings
SE Marsh,2013,Punjab Kings
M Vohra,2013,Punjab Kings
Bipul Sharma,2013,Punjab Kings
AD Mascarenhas,2013,Punjab Kings
JO Holder,2013,Chennai Super Kings
WP Saha,2013,Chennai Super Kings
DP Nannes,2013,Chennai Super Kings
S Anirudha,2013,Chennai Super Kings
SK Raina,2013,Chennai Super Kings
B Laughlin,2013,Chennai Super Kings
M Vijay,2013,Chennai Super Kings
JA Morkel,2013,Chennai Super Kings
DJ Bravo,2013,Chennai Super Kings
AS Rajpoot,2013,Chennai Super Kings
RA Jadeja,2013,Chennai Super Kings
MS Dhoni,2013,Chennai Super Kings
MM Sharma,2013,Chennai Super Kings
S Badrinath,2013,Chennai Super Kings
R Ashwin,2013,Chennai Super Kings
MEK Hussey,2013,Chennai Super Kings
CH Morris,2013,Chennai Super Kings
R Bhatia,2013,Kolkata Knight Riders
P Dogra,2013,Kolkata Knight Riders
S Ladda,2013,Kolkata Knight Riders
L Balaji,2013,Kolkata Knight Riders
Mohammed Shami,2013,Kolkata Knight Riders
R McLaren,2013,Kolkata Knight Riders
SMSM Senanayake,2013,Kolkata Knight Riders
S Narwal,2013,Kolkata Knight Riders
B Lee,2013,Kolkata Knight Riders
MS Bisla,2013,Kolkata Knight Riders
MK Tiwary,2013,Kolkata Knight Riders
BB McCullum,2013,Kolkata Knight Riders
EJG Morgan,2013,Kolkata Knight Riders
PJ Sangwan,2013,Kolkata Knight Riders
JH Kallis,2013,Kolkata Knight Riders
Iqbal Abdulla,2013,Kolkata Knight Riders
YK Pathan,2013,Kolkata Knight Riders
RN ten Doeschate,2013,Kolkata Knight Riders
DB Das,2013,Kolkata Knight Riders
G Gambhir,2013,Kolkata Knight Riders
SP Narine,2013,Kolkata Knight Riders
LR Shukla,2013,Kolkata Knight Riders
DH Yagnik,2013,Rajasthan Royals
SW Tait,2013,Rajasthan Royals
MDKJ Perera,2013,Rajasthan Royals
KK Cooper,2013,Rajasthan Royals
STR Binny,2013,Rajasthan Royals
SR Watson,2013,Rajasthan Royals
BJ Hodge,2013,Rajasthan Royals
A Chandila,2013,Rajasthan Royals
SV Samson,2013,Rajasthan Royals
R Shukla,2013,Rajasthan Royals
SK Trivedi,2013,Rajasthan Royals
VS Malik,2013,Rajasthan Royals
S Sreesanth,2013,Rajasthan Royals
AA Chavan,2013,Rajasthan Royals
AL Menaria,2013,Rajasthan Royals
GB Hogg,2013,Rajasthan Royals
Sachin Baby,2013,Rajasthan Royals
PV Tambe,2013,Rajasthan Royals
AM Rahane,2013,Rajasthan Royals
R Dravid,2013,Rajasthan Royals
Harmeet Singh,2013,Rajasthan Royals
S Badree,2013,Rajasthan Royals
OA Shah,2013,Rajasthan Royals
JP Faulkner,2013,Rajasthan Royals
Yuvraj Singh,2013,Pune Warriors
M Manhas,2013,Pune Warriors
WD Parnell,2013,Pune Warriors
KW Richardson,2013,Pune Warriors
LJ Wright,2013,Pune Warriors
IC Pandey,2013,Pune Warriors
AJ Finch,2013,Pune Warriors
RV Gomez,2013,Pune Warriors
M Rawat,2013,Pune Warriors
MN Samuels,2013,Pune Warriors
UA Birla,2013,Pune Warriors
TL Suman,2013,Pune Warriors
SPD Smith,2013,Pune Warriors
AM Nayar,2013,Pune Warriors
R Sharma,2013,Pune Warriors
AG Murtaza,2013,Pune Warriors
AB Dinda,2013,Pune Warriors
K Upadhyay,2013,Pune Warriors
LRPL Taylor,2013,Pune Warriors
MK Pandey,2013,Pune Warriors
BAW Mendis,2013,Pune Warriors
RV Uthappa,2013,Pune Warriors
B Kumar,2013,Pune Warriors
Parvez Rasool,2013,Pune Warriors
MR Marsh,2013,Pune Warriors
AD Mathews,2013,Pune Warriors
J Botha,2013,Delhi Daredevils
CM Gautam,2013,Delhi Daredevils
M Morkel,2013,Delhi Daredevils
DPMD Jayawardene,2013,Delhi Daredevils
Y Venugopal Rao,2013,Delhi Daredevils
IK Pathan,2013,Delhi Daredevils
AD Russell,2013,Delhi Daredevils
UT Yadav,2013,Delhi Daredevils
AB Agarkar,2013,Delhi Daredevils
S Nadeem,2013,Delhi Daredevils
MC Juneja,2013,Delhi Daredevils
KM Jadhav,2013,Delhi Daredevils
A Nehra,2013,Delhi Daredevils
BJ Rohrer,2013,Delhi Daredevils
UBT Chand,2013,Delhi Daredevils
P Negi,2013,Delhi Daredevils
B Chipli,2013,Delhi Daredevils
RE van der Merwe,2013,Delhi Daredevils
DA Warner,2013,Delhi Daredevils
NV Ojha,2013,Delhi Daredevils
S Kaul,2013,Delhi Daredevils
V Sehwag,2013,Delhi Daredevils
BMAJ Mendis,2013,Delhi Daredevils
RP Singh,2013,Royal Challengers Bangalore
M Muralitharan,2013,Royal Challengers Bangalore
DT Christian,2013,Royal Challengers Bangalore
MA Agarwal,2013,Royal Challengers Bangalore
AB de Villiers,2013,Royal Challengers Bangalore
V Kohli,2013,Royal Challengers Bangalore
CA Pujara,2013,Royal Challengers Bangalore
KK Nair,2013,Royal Challengers Bangalore
MC Henriques,2013,Royal Challengers Bangalore
KL Rahul,2013,Royal Challengers Bangalore
J Syed Mohammad,2013,Royal Challengers Bangalore
M Kartik,2013,Royal Challengers Bangalore
SS Tiwary,2013,Royal Challengers Bangalore
KB Arun Karthik,2013,Royal Challengers Bangalore
JD Unadkat,2013,Royal Challengers Bangalore
A Mukund,2013,Royal Challengers Bangalore
CH Gayle,2013,Royal Challengers Bangalore
Z Khan,2013,Royal Challengers Bangalore
AB McDonald,2013,Royal Challengers Bangalore
R Vinay Kumar,2013,Royal Challengers Bangalore
A Mithun,2013,Royal Challengers Bangalore
TM Dilshan,2013,Royal Challengers Bangalore
R Rampaul,2013,Royal Challengers Bangalore
KW Richardson,2014,Rajasthan Royals
KK Nair,2014,Rajasthan Royals
SV Samson,2014,Rajasthan Royals
Iqbal Abdulla,2014,Rajasthan Royals
AM Nayar,2014,Rajasthan Royals
STR Binny,2014,Rajasthan Royals
DS Kulkarni,2014,Rajasthan Royals
DH Yagnik,2014,Rajasthan Royals
PV Tambe,2014,Rajasthan Royals
VS Malik,2014,Rajasthan Royals
BJ Hodge,2014,Rajasthan Royals
SR Watson,2014,Rajasthan Royals
R Tewatia,2014,Rajasthan Royals
R Bhatia,2014,Rajasthan Royals
TG Southee,2014,Rajasthan Royals
Ankit Sharma,2014,Rajasthan Royals
JP Faulkner,2014,Rajasthan Royals
KK Cooper,2014,Rajasthan Royals
SPD Smith,2014,Rajasthan Royals
BCJ Cutting,2014,Rajasthan Royals
UBT Chand,2014,Rajasthan Royals
AM Rahane,2014,Rajasthan Royals
I Sharma,2014,Sunrisers Hyderabad
Parvez Rasool,2014,Sunrisers Hyderabad
AJ Finch,2014,Sunrisers Hyderabad
A Mishra,2014,Sunrisers Hyderabad
DW Steyn,2014,Sunrisers Hyderabad
KV Sharma,2014,Sunrisers Hyderabad
S Anirudha,2014,Sunrisers Hyderabad
IK Pathan,2014,Sunrisers Hyderabad
B Kumar,2014,Sunrisers Hyderabad
KL Rahul,2014,Sunrisers Hyderabad
S Dhawan,2014,Sunrisers Hyderabad
MC Henriques,2014,Sunrisers Hyderabad
Y Venugopal Rao,2014,Sunrisers Hyderabad
JO Holder,2014,Sunrisers Hyderabad
NV Ojha,2014,Sunrisers Hyderabad
DA Warner,2014,Sunrisers Hyderabad
DJG Sammy,2014,Sunrisers Hyderabad
KP Pietersen,2014,Delhi Daredevils
LR Shukla,2014,Delhi Daredevils
WD Parnell,2014,Delhi Daredevils
S Nadeem,2014,Delhi Daredevils
JP Duminy,2014,Delhi Daredevils
NM Coulter-Nile,2014,Delhi Daredevils
LRPL Taylor,2014,Delhi Daredevils
MA Agarwal,2014,Delhi Daredevils
R Sharma,2014,Delhi Daredevils
MK Tiwary,2014,Delhi Daredevils
KD Karthik,2014,Delhi Daredevils
R Shukla,2014,Delhi Daredevils
Imran Tahir,2014,Delhi Daredevils
S Kaul,2014,Delhi Daredevils
JD Unadkat,2014,Delhi Daredevils
Q de Kock,2014,Delhi Daredevils
KM Jadhav,2014,Delhi Daredevils
JDS Neesham,2014,Delhi Daredevils
Mohammed Shami,2014,Delhi Daredevils
M Vijay,2014,Delhi Daredevils
Shakib Al Hasan,2014,Kolkata Knight Riders
M Morkel,2014,Kolkata Knight Riders
G Gambhir,2014,Kolkata Knight Riders
CA Lynn,2014,Kolkata Knight Riders
SA Yadav,2014,Kolkata Knight Riders
PP Chawla,2014,Kolkata Knight Riders
SP Narine,2014,Kolkata Knight Riders
AD Russell,2014,Kolkata Knight Riders
MK Pandey,2014,Kolkata Knight Riders
RV Uthappa,2014,Kolkata Knight Riders
YK Pathan,2014,Kolkata Knight Riders
MS Bisla,2014,Kolkata Knight Riders
JH Kallis,2014,Kolkata Knight Riders
RN ten Doeschate,2014,Kolkata Knight Riders
UT Yadav,2014,Kolkata Knight Riders
PJ Cummins,2014,Kolkata Knight Riders
R Vinay Kumar,2014,Kolkata Knight Riders
L Balaji,2014,Punjab Kings
SE Marsh,2014,Punjab Kings
Shivam Sharma,2014,Punjab Kings
R Dhawan,2014,Punjab Kings
MG Johnson,2014,Punjab Kings
V Sehwag,2014,Punjab Kings
M Kartik,2014,Punjab Kings
GJ Bailey,2014,Punjab Kings
CA Pujara,2014,Punjab Kings
Mandeep Singh,2014,Punjab Kings
Karanveer Singh,2014,Punjab Kings
M Vohra,2014,Punjab Kings
AR Patel,2014,Punjab Kings
P Awana,2014,Punjab Kings
GJ Maxwell,2014,Punjab Kings
BE Hendricks,2014,Punjab Kings
Sandeep Sharma,2014,Punjab Kings
DA Miller,2014,Punjab Kings
WP Saha,2014,Punjab Kings
RR Rossouw,2014,Royal Challengers Bangalore
V Kohli,2014,Royal Challengers Bangalore
AB de Villiers,2014,Royal Challengers Bangalore
M Muralitharan,2014,Royal Challengers Bangalore
VR Aaron,2014,Royal Challengers Bangalore
AB Dinda,2014,Royal Challengers Bangalore
S Rana,2014,Royal Challengers Bangalore
HV Patel,2014,Royal Challengers Bangalore
PA Patel,2014,Royal Challengers Bangalore
MA Starc,2014,Royal Challengers Bangalore
JA Morkel,2014,Royal Challengers Bangalore
YV Takawale,2014,Royal Challengers Bangalore
CH Gayle,2014,Royal Challengers Bangalore
NJ Maddinson,2014,Royal Challengers Bangalore
AN Ahmed,2014,Royal Challengers Bangalore
YS Chahal,2014,Royal Challengers Bangalore
Yuvraj Singh,2014,Royal Challengers Bangalore
VH Zol,2014,Royal Challengers Bangalore
R Rampaul,2014,Royal Challengers Bangalore
SB Jakati,2014,Royal Challengers Bangalore
AP Tare,2014,Mumbai Indians
MEK Hussey,2014,Mumbai Indians
P Kumar,2014,Mumbai Indians
K Santokie,2014,Mumbai Indians
M de Lange,2014,Mumbai Indians
CJ Anderson,2014,Mumbai Indians
S Gopal,2014,Mumbai Indians
Harbhajan Singh,2014,Mumbai Indians
KA Pollard,2014,Mumbai Indians
PP Ojha,2014,Mumbai Indians
LMP Simmons,2014,Mumbai Indians
P Suyal,2014,Mumbai Indians
Z Khan,2014,Mumbai Indians
RG Sharma,2014,Mumbai Indians
JJ Bumrah,2014,Mumbai Indians
SL Malinga,2014,Mumbai Indians
BR Dunk,2014,Mumbai Indians
CM Gautam,2014,Mumbai Indians
AT Rayudu,2014,Mumbai Indians
M Manhas,2014,Chennai Super Kings
A Nehra,2014,Chennai Super Kings
DJ Hussey,2014,Chennai Super Kings
JW Hastings,2014,Chennai Super Kings
DR Smith,2014,Chennai Super Kings
S Badree,2014,Chennai Super Kings
BW Hilfenhaus,2014,Chennai Super Kings
IC Pandey,2014,Chennai Super Kings
V Shankar,2014,Chennai Super Kings
R Ashwin,2014,Chennai Super Kings
F du Plessis,2014,Chennai Super Kings
P Negi,2014,Chennai Super Kings
BB McCullum,2014,Chennai Super Kings
DJ Bravo,2014,Chennai Super Kings
RA Jadeja,2014,Chennai Super Kings
MS Dhoni,2014,Chennai Super Kings
SK Raina,2014,Chennai Super Kings
MM Sharma,2014,Chennai Super Kings
SPD Smith,2015,Rajasthan Royals
SV Samson,2015,Rajasthan Royals
STR Binny,2015,Rajasthan Royals
DS Kulkarni,2015,Rajasthan Royals
AM Rahane,2015,Rajasthan Royals
CH Morris,2015,Rajasthan Royals
KK Nair,2015,Rajasthan Royals
PV Tambe,2015,Rajasthan Royals
BB Sran,2015,Rajasthan Royals
Ankit Sharma,2015,Rajasthan Royals
R Tewatia,2015,Rajasthan Royals
SR Watson,2015,Rajasthan Royals
JP Faulkner,2015,Rajasthan Royals
TG Southee,2015,Rajasthan Royals
J Theron,2015,Rajasthan Royals
R Bhatia,2015,Rajasthan Royals
DJ Hooda,2015,Rajasthan Royals
J Suchith,2015,Mumbai Indians
Harbhajan Singh,2015,Mumbai Indians
MJ McClenaghan,2015,Mumbai Indians
AT Rayudu,2015,Mumbai Indians
M de Lange,2015,Mumbai Indians
LMP Simmons,2015,Mumbai Indians
R Vinay Kumar,2015,Mumbai Indians
PP Ojha,2015,Mumbai Indians
KA Pollard,2015,Mumbai Indians
JJ Bumrah,2015,Mumbai Indians
HH Pandya,2015,Mumbai Indians
UBT Chand,2015,Mumbai Indians
PA Patel,2015,Mumbai Indians
AP Tare,2015,Mumbai Indians
CJ Anderson,2015,Mumbai Indians
SL Malinga,2015,Mumbai Indians
RG Sharma,2015,Mumbai Indians
AJ Finch,2015,Mumbai Indians
S Gopal,2015,Mumbai Indians
P Suyal,2015,Mumbai Indians
IC Pandey,2015,Chennai Super Kings
A Nehra,2015,Chennai Super Kings
DJ Bravo,2015,Chennai Super Kings
BB McCullum,2015,Chennai Super Kings
P Negi,2015,Chennai Super Kings
RA Jadeja,2015,Chennai Super Kings
F du Plessis,2015,Chennai Super Kings
RG More,2015,Chennai Super Kings
DR Smith,2015,Chennai Super Kings
R Ashwin,2015,Chennai Super Kings
MEK Hussey,2015,Chennai Super Kings
MM Sharma,2015,Chennai Super Kings
SK Raina,2015,Chennai Super Kings
MS Dhoni,2015,Chennai Super Kings
MG Johnson,2015,Punjab Kings
Sandeep Sharma,2015,Punjab Kings
WP Saha,2015,Punjab Kings
R Dhawan,2015,Punjab Kings
SE Marsh,2015,Punjab Kings
AR Patel,2015,Punjab Kings
DA Miller,2015,Punjab Kings
GJ Maxwell,2015,Punjab Kings
BE Hendricks,2015,Punjab Kings
Karanveer Singh,2015,Punjab Kings
SN Thakur,2015,Punjab Kings
GJ Bailey,2015,Punjab Kings
NLTC Perera,2015,Punjab Kings
Gurkeerat Singh,2015,Punjab Kings
V Sehwag,2015,Punjab Kings
Shivam Sharma,2015,Punjab Kings
M Vohra,2015,Punjab Kings
M Vijay,2015,Punjab Kings
Anureet Singh,2015,Punjab Kings
AN Ahmed,2015,Royal Challengers Bangalore
CH Gayle,2015,Royal Challengers Bangalore
MA Starc,2015,Royal Challengers Bangalore
Mandeep Singh,2015,Royal Challengers Bangalore
KD Karthik,2015,Royal Challengers Bangalore
NJ Maddinson,2015,Royal Challengers Bangalore
VR Aaron,2015,Royal Challengers Bangalore
HV Patel,2015,Royal Challengers Bangalore
S Aravind,2015,Royal Challengers Bangalore
MS Bisla,2015,Royal Challengers Bangalore
AB Dinda,2015,Royal Challengers Bangalore
V Kohli,2015,Royal Challengers Bangalore
SN Khan,2015,Royal Challengers Bangalore
AB de Villiers,2015,Royal Challengers Bangalore
Iqbal Abdulla,2015,Royal Challengers Bangalore
DJG Sammy,2015,Royal Challengers Bangalore
YS Chahal,2015,Royal Challengers Bangalore
RR Rossouw,2015,Royal Challengers Bangalore
SA Abbott,2015,Royal Challengers Bangalore
D Wiese,2015,Royal Challengers Bangalore
TA Boult,2015,Sunrisers Hyderabad
Parvez Rasool,2015,Sunrisers Hyderabad
NV Ojha,2015,Sunrisers Hyderabad
KL Rahul,2015,Sunrisers Hyderabad
Bipul Sharma,2015,Sunrisers Hyderabad
A Ashish Reddy,2015,Sunrisers Hyderabad
EJG Morgan,2015,Sunrisers Hyderabad
KS Williamson,2015,Sunrisers Hyderabad
MC Henriques,2015,Sunrisers Hyderabad
I Sharma,2015,Sunrisers Hyderabad
P Kumar,2015,Sunrisers Hyderabad
KV Sharma,2015,Sunrisers Hyderabad
GH Vihari,2015,Sunrisers Hyderabad
S Dhawan,2015,Sunrisers Hyderabad
RS Bopara,2015,Sunrisers Hyderabad
B Kumar,2015,Sunrisers Hyderabad
DA Warner,2015,Sunrisers Hyderabad
DW Steyn,2015,Sunrisers Hyderabad
A Mishra,2015,Delhi Daredevils
CM Gautam,2015,Delhi Daredevils
GS Sandhu,2015,Delhi Daredevils
Imran Tahir,2015,Delhi Daredevils
J Yadav,2015,Delhi Daredevils
NM Coulter-Nile,2015,Delhi Daredevils
JD Unadkat,2015,Delhi Daredevils
Z Khan,2015,Delhi Daredevils
JA Morkel,2015,Delhi Daredevils
SS Tiwary,2015,Delhi Daredevils
S Nadeem,2015,Delhi Daredevils
DJ Muthuswami,2015,Delhi Daredevils
MK Tiwary,2015,Delhi Daredevils
SS Iyer,2015,Delhi Daredevils
AD Mathews,2015,Delhi Daredevils
Yuvraj Singh,2015,Delhi Daredevils
Q de Kock,2015,Delhi Daredevils
JP Duminy,2015,Delhi Daredevils
KM Jadhav,2015,Delhi Daredevils
MA Agarwal,2015,Delhi Daredevils
J Botha,2015,Kolkata Knight Riders
M Morkel,2015,Kolkata Knight Riders
G Gambhir,2015,Kolkata Knight Riders
SA Yadav,2015,Kolkata Knight Riders
MK Pandey,2015,Kolkata Knight Riders
AD Russell,2015,Kolkata Knight Riders
Shakib Al Hasan,2015,Kolkata Knight Riders
GB Hogg,2015,Kolkata Knight Riders
PP Chawla,2015,Kolkata Knight Riders
RN ten Doeschate,2015,Kolkata Knight Riders
PJ Cummins,2015,Kolkata Knight Riders
SP Narine,2015,Kolkata Knight Riders
RV Uthappa,2015,Kolkata Knight Riders
Azhar Mahmood,2015,Kolkata Knight Riders
YK Pathan,2015,Kolkata Knight Riders
KC Cariappa,2015,Kolkata Knight Riders
UT Yadav,2015,Kolkata Knight Riders
KC Cariappa,2016,Punjab Kings
Anureet Singh,2016,Punjab Kings
MP Stoinis,2016,Punjab Kings
M Vijay,2016,Punjab Kings
DA Miller,2016,Punjab Kings
NS Naik,2016,Punjab Kings
Gurkeerat Singh,2016,Punjab Kings
SE Marsh,2016,Punjab Kings
Sandeep Sharma,2016,Punjab Kings
MG Johnson,2016,Punjab Kings
HM Amla,2016,Punjab Kings
R Dhawan,2016,Punjab Kings
F Behardien,2016,Punjab Kings
MM Sharma,2016,Punjab Kings
P Sahu,2016,Punjab Kings
KJ Abbott,2016,Punjab Kings
WP Saha,2016,Punjab Kings
GJ Maxwell,2016,Punjab Kings
M Vohra,2016,Punjab Kings
AR Patel,2016,Punjab Kings
Swapnil Singh,2016,Punjab Kings
MS Dhoni,2016,Rising Pune Supergiant
NLTC Perera,2016,Rising Pune Supergiant
MR Marsh,2016,Rising Pune Supergiant
DL Chahar,2016,Rising Pune Supergiant
GJ Bailey,2016,Rising Pune Supergiant
R Ashwin,2016,Rising Pune Supergiant
JA Morkel,2016,Rising Pune Supergiant
KP Pietersen,2016,Rising Pune Supergiant
AM Rahane,2016,Rising Pune Supergiant
M Ashwin,2016,Rising Pune Supergiant
UT Khawaja,2016,Rising Pune Supergiant
A Zampa,2016,Rising Pune Supergiant
IK Pathan,2016,Rising Pune Supergiant
PSP Handscomb,2016,Rising Pune Supergiant
SPD Smith,2016,Rising Pune Supergiant
RP Singh,2016,Rising Pune Supergiant
F du Plessis,2016,Rising Pune Supergiant
R Bhatia,2016,Rising Pune Supergiant
SS Tiwary,2016,Rising Pune Supergiant
SM Boland,2016,Rising Pune Supergiant
AB Dinda,2016,Rising Pune Supergiant
I Sharma,2016,Rising Pune Supergiant
Ankit Sharma,2016,Rising Pune Supergiant
PV Tambe,2016,Gujarat Lions
PJ Sangwan,2016,Gujarat Lions
ER Dwivedi,2016,Gujarat Lions
DJ Bravo,2016,Gujarat Lions
AJ Finch,2016,Gujarat Lions
BB McCullum,2016,Gujarat Lions
S Ladda,2016,Gujarat Lions
P Kumar,2016,Gujarat Lions
S Kaushik,2016,Gujarat Lions
JP Faulkner,2016,Gujarat Lions
Ishan Kishan,2016,Gujarat Lions
KD Karthik,2016,Gujarat Lions
DR Smith,2016,Gujarat Lions
DW Steyn,2016,Gujarat Lions
DS Kulkarni,2016,Gujarat Lions
AD Nath,2016,Gujarat Lions
SK Raina,2016,Gujarat Lions
RA Jadeja,2016,Gujarat Lions
SB Jakati,2016,Gujarat Lions
PA Patel,2016,Mumbai Indians
HH Pandya,2016,Mumbai Indians
JJ Bumrah,2016,Mumbai Indians
RG Sharma,2016,Mumbai Indians
TG Southee,2016,Mumbai Indians
LMP Simmons,2016,Mumbai Indians
N Rana,2016,Mumbai Indians
J Suchith,2016,Mumbai Indians
MJ McClenaghan,2016,Mumbai Indians
MJ Guptill,2016,Mumbai Indians
UBT Chand,2016,Mumbai Indians
JC Buttler,2016,Mumbai Indians
AT Rayudu,2016,Mumbai Indians
R Vinay Kumar,2016,Mumbai Indians
KA Pollard,2016,Mumbai Indians
KH Pandya,2016,Mumbai Indians
Harbhajan Singh,2016,Mumbai Indians
S Gopal,2016,Mumbai Indians
DJ Hooda,2016,Sunrisers Hyderabad
EJG Morgan,2016,Sunrisers Hyderabad
Yuvraj Singh,2016,Sunrisers Hyderabad
S Dhawan,2016,Sunrisers Hyderabad
DA Warner,2016,Sunrisers Hyderabad
BCJ Cutting,2016,Sunrisers Hyderabad
BB Sran,2016,Sunrisers Hyderabad
B Kumar,2016,Sunrisers Hyderabad
Mustafizur Rahman,2016,Sunrisers Hyderabad
A Ashish Reddy,2016,Sunrisers Hyderabad
KS Williamson,2016,Sunrisers Hyderabad
NV Ojha,2016,Sunrisers Hyderabad
KV Sharma,2016,Sunrisers Hyderabad
A Nehra,2016,Sunrisers Hyderabad
AP Tare,2016,Sunrisers Hyderabad
TA Boult,2016,Sunrisers Hyderabad
Bipul Sharma,2016,Sunrisers Hyderabad
MC Henriques,2016,Sunrisers Hyderabad
Parvez Rasool,2016,Royal Challengers Bangalore
YS Chahal,2016,Royal Challengers Bangalore
S Aravind,2016,Royal Challengers Bangalore
SR Watson,2016,Royal Challengers Bangalore
Mandeep Singh,2016,Royal Challengers Bangalore
CJ Jordan,2016,Royal Challengers Bangalore
T Shamsi,2016,Royal Challengers Bangalore
D Wiese,2016,Royal Challengers Bangalore
AF Milne,2016,Royal Challengers Bangalore
VR Aaron,2016,Royal Challengers Bangalore
KL Rahul,2016,Royal Challengers Bangalore
HV Patel,2016,Royal Challengers Bangalore
STR Binny,2016,Royal Challengers Bangalore
TM Head,2016,Royal Challengers Bangalore
CH Gayle,2016,Royal Challengers Bangalore
AB de Villiers,2016,Royal Challengers Bangalore
Sachin Baby,2016,Royal Challengers Bangalore
SN Khan,2016,Royal Challengers Bangalore
KM Jadhav,2016,Royal Challengers Bangalore
V Kohli,2016,Royal Challengers Bangalore
Iqbal Abdulla,2016,Royal Challengers Bangalore
KW Richardson,2016,Royal Challengers Bangalore
SP Narine,2016,Kolkata Knight Riders
Shakib Al Hasan,2016,Kolkata Knight Riders
AD Russell,2016,Kolkata Knight Riders
MK Pandey,2016,Kolkata Knight Riders
AS Rajpoot,2016,Kolkata Knight Riders
JD Unadkat,2016,Kolkata Knight Riders
Kuldeep Yadav,2016,Kolkata Knight Riders
SA Yadav,2016,Kolkata Knight Riders
M Morkel,2016,Kolkata Knight Riders
GB Hogg,2016,Kolkata Knight Riders
JO Holder,2016,Kolkata Knight Riders
PP Chawla,2016,Kolkata Knight Riders
C Munro,2016,Kolkata Knight Riders
UT Yadav,2016,Kolkata Knight Riders
R Sathish,2016,Kolkata Knight Riders
JW Hastings,2016,Kolkata Knight Riders
CA Lynn,2016,Kolkata Knight Riders
G Gambhir,2016,Kolkata Knight Riders
RV Uthappa,2016,Kolkata Knight Riders
YK Pathan,2016,Kolkata Knight Riders
Imran Tahir,2016,Delhi Daredevils
Q de Kock,2016,Delhi Daredevils
SS Iyer,2016,Delhi Daredevils
NM Coulter-Nile,2016,Delhi Daredevils
MA Agarwal,2016,Delhi Daredevils
Z Khan,2016,Delhi Daredevils
KK Nair,2016,Delhi Daredevils
P Negi,2016,Delhi Daredevils
Mohammed Shami,2016,Delhi Daredevils
CH Morris,2016,Delhi Daredevils
S Nadeem,2016,Delhi Daredevils
SV Samson,2016,Delhi Daredevils
A Mishra,2016,Delhi Daredevils
CR Brathwaite,2016,Delhi Daredevils
J Yadav,2016,Delhi Daredevils
RR Pant,2016,Delhi Daredevils
SW Billings,2016,Delhi Daredevils
JP Duminy,2016,Delhi Daredevils
V Kohli,2017,Royal Challengers Bangalore
AB de Villiers,2017,Royal Challengers Bangalore
Sachin Baby,2017,Royal Challengers Bangalore
AF Milne,2017,Royal Challengers Bangalore
HV Patel,2017,Royal Challengers Bangalore
Iqbal Abdulla,2017,Royal Challengers Bangalore
B Stanlake,2017,Royal Challengers Bangalore
Avesh Khan,2017,Royal Challengers Bangalore
S Badree,2017,Royal Challengers Bangalore
S Aravind,2017,Royal Challengers Bangalore
Mandeep Singh,2017,Royal Challengers Bangalore
CH Gayle,2017,Royal Challengers Bangalore
TM Head,2017,Royal Challengers Bangalore
STR Binny,2017,Royal Challengers Bangalore
Vishnu Vinod,2017,Royal Challengers Bangalore
A Choudhary,2017,Royal Challengers Bangalore
YS Chahal,2017,Royal Challengers Bangalore
P Negi,2017,Royal Challengers Bangalore
SR Watson,2017,Royal Challengers Bangalore
KM Jadhav,2017,Royal Challengers Bangalore
TS Mills,2017,Royal Challengers Bangalore
LMP Simmons,2017,Mumbai Indians
KV Sharma,2017,Mumbai Indians
KA Pollard,2017,Mumbai Indians
MJ McClenaghan,2017,Mumbai Indians
HH Pandya,2017,Mumbai Indians
KH Pandya,2017,Mumbai Indians
JJ Bumrah,2017,Mumbai Indians
Harbhajan Singh,2017,Mumbai Indians
R Vinay Kumar,2017,Mumbai Indians
SL Malinga,2017,Mumbai Indians
N Rana,2017,Mumbai Indians
TG Southee,2017,Mumbai Indians
RG Sharma,2017,Mumbai Indians
AT Rayudu,2017,Mumbai Indians
PA Patel,2017,Mumbai Indians
MG Johnson,2017,Mumbai Indians
JC Buttler,2017,Mumbai Indians
SS Tiwary,2017,Mumbai Indians
TA Boult,2017,Kolkata Knight Riders
PP Chawla,2017,Kolkata Knight Riders
YK Pathan,2017,Kolkata Knight Riders
MK Pandey,2017,Kolkata Knight Riders
Shakib Al Hasan,2017,Kolkata Knight Riders
IR Jaggi,2017,Kolkata Knight Riders
AS Rajpoot,2017,Kolkata Knight Riders
SA Yadav,2017,Kolkata Knight Riders
Kuldeep Yadav,2017,Kolkata Knight Riders
SP Narine,2017,Kolkata Knight Riders
DM Bravo,2017,Kolkata Knight Riders
NM Coulter-Nile,2017,Kolkata Knight Riders
C de Grandhomme,2017,Kolkata Knight Riders
SP Jackson,2017,Kolkata Knight Riders
CR Woakes,2017,Kolkata Knight Riders
UT Yadav,2017,Kolkata Knight Riders
CA Lynn,2017,Kolkata Knight Riders
G Gambhir,2017,Kolkata Knight Riders
RV Uthappa,2017,Kolkata Knight Riders
JD Unadkat,2017,Rising Pune Supergiant
SPD Smith,2017,Rising Pune Supergiant
DT Christian,2017,Rising Pune Supergiant
F du Plessis,2017,Rising Pune Supergiant
RA Tripathi,2017,Rising Pune Supergiant
DL Chahar,2017,Rising Pune Supergiant
BA Stokes,2017,Rising Pune Supergiant
A Zampa,2017,Rising Pune Supergiant
Ankit Sharma,2017,Rising Pune Supergiant
AB Dinda,2017,Rising Pune Supergiant
MA Agarwal,2017,Rising Pune Supergiant
SN Thakur,2017,Rising Pune Supergiant
RD Chahar,2017,Rising Pune Supergiant
MS Dhoni,2017,Rising Pune Supergiant
R Bhatia,2017,Rising Pune Supergiant
Washington Sundar,2017,Rising Pune Supergiant
AM Rahane,2017,Rising Pune Supergiant
LH Ferguson,2017,Rising Pune Supergiant
Imran Tahir,2017,Rising Pune Supergiant
MK Tiwary,2017,Rising Pune Supergiant
A Nehra,2017,Sunrisers Hyderabad
BCJ Cutting,2017,Sunrisers Hyderabad
NV Ojha,2017,Sunrisers Hyderabad
Bipul Sharma,2017,Sunrisers Hyderabad
S Kaul,2017,Sunrisers Hyderabad
DJ Hooda,2017,Sunrisers Hyderabad
MC Henriques,2017,Sunrisers Hyderabad
V Shankar,2017,Sunrisers Hyderabad
Yuvraj Singh,2017,Sunrisers Hyderabad
BB Sran,2017,Sunrisers Hyderabad
B Kumar,2017,Sunrisers Hyderabad
CJ Jordan,2017,Sunrisers Hyderabad
Mohammad Nabi,2017,Sunrisers Hyderabad
Mohammed Siraj,2017,Sunrisers Hyderabad
Mustafizur Rahman,2017,Sunrisers Hyderabad
Rashid Khan,2017,Sunrisers Hyderabad
S Dhawan,2017,Sunrisers Hyderabad
KS Williamson,2017,Sunrisers Hyderabad
DA Warner,2017,Sunrisers Hyderabad
Ishan Kishan,2017,Gujarat Lions
P Kumar,2017,Gujarat Lions
AD Nath,2017,Gujarat Lions
Tejas Baroka,2017,Gujarat Lions
SB Jakati,2017,Gujarat Lions
DS Kulkarni,2017,Gujarat Lions
SS Agarwal,2017,Gujarat Lions
AJ Tye,2017,Gujarat Lions
AJ Finch,2017,Gujarat Lions
S Kaushik,2017,Gujarat Lions
MM Patel,2017,Gujarat Lions
Ankit Soni,2017,Gujarat Lions
Basil Thampi,2017,Gujarat Lions
NB Singh,2017,Gujarat Lions
KD Karthik,2017,Gujarat Lions
JP Faulkner,2017,Gujarat Lions
RA Jadeja,2017,Gujarat Lions
PJ Sangwan,2017,Gujarat Lions
BB McCullum,2017,Gujarat Lions
JJ Roy,2017,Gujarat Lions
MS Gony,2017,Gujarat Lions
IK Pathan,2017,Gujarat Lions
SK Raina,2017,Gujarat Lions
DR Smith,2017,Gujarat Lions
RR Pant,2017,Delhi Daredevils
KK Nair,2017,Delhi Daredevils
CR Brathwaite,2017,Delhi Daredevils
Mohammed Shami,2017,Delhi Daredevils
SS Iyer,2017,Delhi Daredevils
K Rabada,2017,Delhi Daredevils
J Yadav,2017,Delhi Daredevils
Z Khan,2017,Delhi Daredevils
SW Billings,2017,Delhi Daredevils
AD Mathews,2017,Delhi Daredevils
CJ Anderson,2017,Delhi Daredevils
AR Bawne,2017,Delhi Daredevils
S Nadeem,2017,Delhi Daredevils
A Mishra,2017,Delhi Daredevils
CH Morris,2017,Delhi Daredevils
PJ Cummins,2017,Delhi Daredevils
MN Samuels,2017,Delhi Daredevils
AP Tare,2017,Delhi Daredevils
SV Samson,2017,Delhi Daredevils
T Natarajan,2017,Punjab Kings
GJ Maxwell,2017,Punjab Kings
AR Patel,2017,Punjab Kings
Anureet Singh,2017,Punjab Kings
I Sharma,2017,Punjab Kings
MJ Guptill,2017,Punjab Kings
EJG Morgan,2017,Punjab Kings
WP Saha,2017,Punjab Kings
Gurkeerat Singh,2017,Punjab Kings
Swapnil Singh,2017,Punjab Kings
R Tewatia,2017,Punjab Kings
M Vohra,2017,Punjab Kings
SE Marsh,2017,Punjab Kings
DA Miller,2017,Punjab Kings
MP Stoinis,2017,Punjab Kings
KC Cariappa,2017,Punjab Kings
Sandeep Sharma,2017,Punjab Kings
HM Amla,2017,Punjab Kings
VR Aaron,2017,Punjab Kings
MJ Henry,2017,Punjab Kings
MM Sharma,2017,Punjab Kings
M Markande,2018,Mumbai Indians
PJ Sangwan,2018,Mumbai Indians
Mustafizur Rahman,2018,Mumbai Indians
KH Pandya,2018,Mumbai Indians
KA Pollard,2018,Mumbai Indians
Ishan Kishan,2018,Mumbai Indians
JP Duminy,2018,Mumbai Indians
E Lewis,2018,Mumbai Indians
BCJ Cutting,2018,Mumbai Indians
A Dananjaya,2018,Mumbai Indians
MJ McClenaghan,2018,Mumbai Indians
SA Yadav,2018,Mumbai Indians
HH Pandya,2018,Mumbai Indians
JJ Bumrah,2018,Mumbai Indians
RG Sharma,2018,Mumbai Indians
NV Ojha,2018,Delhi Daredevils
V Shankar,2018,Delhi Daredevils
HV Patel,2018,Delhi Daredevils
LE Plunkett,2018,Delhi Daredevils
CJ Dala,2018,Delhi Daredevils
C Munro,2018,Delhi Daredevils
S Nadeem,2018,Delhi Daredevils
R Tewatia,2018,Delhi Daredevils
A Mishra,2018,Delhi Daredevils
CH Morris,2018,Delhi Daredevils
RR Pant,2018,Delhi Daredevils
DT Christian,2018,Delhi Daredevils
TA Boult,2018,Delhi Daredevils
PP Shaw,2018,Delhi Daredevils
Avesh Khan,2018,Delhi Daredevils
S Lamichhane,2018,Delhi Daredevils
Mohammed Shami,2018,Delhi Daredevils
Abhishek Sharma,2018,Delhi Daredevils
GJ Maxwell,2018,Delhi Daredevils
JJ Roy,2018,Delhi Daredevils
G Gambhir,2018,Delhi Daredevils
SS Iyer,2018,Delhi Daredevils
KL Rahul,2018,Punjab Kings
AJ Tye,2018,Punjab Kings
AJ Finch,2018,Punjab Kings
BB Sran,2018,Punjab Kings
R Ashwin,2018,Punjab Kings
Yuvraj Singh,2018,Punjab Kings
AD Nath,2018,Punjab Kings
DA Miller,2018,Punjab Kings
Mujeeb Ur Rahman,2018,Punjab Kings
MM Sharma,2018,Punjab Kings
MK Tiwary,2018,Punjab Kings
KK Nair,2018,Punjab Kings
AS Rajpoot,2018,Punjab Kings
MA Agarwal,2018,Punjab Kings
AR Patel,2018,Punjab Kings
CH Gayle,2018,Punjab Kings
MP Stoinis,2018,Punjab Kings
RA Tripathi,2018,Rajasthan Royals
S Gopal,2018,Rajasthan Royals
BA Stokes,2018,Rajasthan Royals
STR Binny,2018,Rajasthan Royals
DS Kulkarni,2018,Rajasthan Royals
K Gowtham,2018,Rajasthan Royals
DJM Short,2018,Rajasthan Royals
JC Buttler,2018,Rajasthan Royals
AM Rahane,2018,Rajasthan Royals
JD Unadkat,2018,Rajasthan Royals
Anureet Singh,2018,Rajasthan Royals
JC Archer,2018,Rajasthan Royals
IS Sodhi,2018,Rajasthan Royals
SV Samson,2018,Rajasthan Royals
Ankit Sharma,2018,Rajasthan Royals
MK Lomror,2018,Rajasthan Royals
H Klaasen,2018,Rajasthan Royals
P Chopra,2018,Rajasthan Royals
B Laughlin,2018,Rajasthan Royals
RK Singh,2018,Kolkata Knight Riders
CA Lynn,2018,Kolkata Knight Riders
Shivam Mavi,2018,Kolkata Knight Riders
Shubman Gill,2018,Kolkata Knight Riders
M Prasidh Krishna,2018,Kolkata Knight Riders
RV Uthappa,2018,Kolkata Knight Riders
PP Chawla,2018,Kolkata Knight Riders
TK Curran,2018,Kolkata Knight Riders
SP Narine,2018,Kolkata Knight Riders
R Vinay Kumar,2018,Kolkata Knight Riders
AD Russell,2018,Kolkata Knight Riders
N Rana,2018,Kolkata Knight Riders
Kuldeep Yadav,2018,Kolkata Knight Riders
JPR Scantlebury-Searles,2018,Kolkata Knight Riders
KD Karthik,2018,Kolkata Knight Riders
MG Johnson,2018,Kolkata Knight Riders
RK Bhui,2018,Sunrisers Hyderabad
Shakib Al Hasan,2018,Sunrisers Hyderabad
CJ Jordan,2018,Sunrisers Hyderabad
YK Pathan,2018,Sunrisers Hyderabad
AD Hales,2018,Sunrisers Hyderabad
Rashid Khan,2018,Sunrisers Hyderabad
WP Saha,2018,Sunrisers Hyderabad
CR Brathwaite,2018,Sunrisers Hyderabad
MK Pandey,2018,Sunrisers Hyderabad
Basil Thampi,2018,Sunrisers Hyderabad
KK Ahmed,2018,Sunrisers Hyderabad
KS Williamson,2018,Sunrisers Hyderabad
DJ Hooda,2018,Sunrisers Hyderabad
SP Goswami,2018,Sunrisers Hyderabad
Sandeep Sharma,2018,Sunrisers Hyderabad
B Kumar,2018,Sunrisers Hyderabad
S Kaul,2018,Sunrisers Hyderabad
B Stanlake,2018,Sunrisers Hyderabad
S Dhawan,2018,Sunrisers Hyderabad
Mohammad Nabi,2018,Sunrisers Hyderabad
TG Southee,2018,Royal Challengers Bangalore
Mohammed Siraj,2018,Royal Challengers Bangalore
V Kohli,2018,Royal Challengers Bangalore
UT Yadav,2018,Royal Challengers Bangalore
CR Woakes,2018,Royal Challengers Bangalore
M Vohra,2018,Royal Challengers Bangalore
K Khejroliya,2018,Royal Challengers Bangalore
PA Patel,2018,Royal Challengers Bangalore
Mandeep Singh,2018,Royal Challengers Bangalore
P Negi,2018,Royal Challengers Bangalore
SN Khan,2018,Royal Challengers Bangalore
Q de Kock,2018,Royal Challengers Bangalore
BB McCullum,2018,Royal Challengers Bangalore
Washington Sundar,2018,Royal Challengers Bangalore
YS Chahal,2018,Royal Challengers Bangalore
M Ashwin,2018,Royal Challengers Bangalore
MM Ali,2018,Royal Challengers Bangalore
CJ Anderson,2018,Royal Challengers Bangalore
AB de Villiers,2018,Royal Challengers Bangalore
C de Grandhomme,2018,Royal Challengers Bangalore
M Vijay,2018,Chennai Super Kings
SW Billings,2018,Chennai Super Kings
DR Shorey,2018,Chennai Super Kings
F du Plessis,2018,Chennai Super Kings
Harbhajan Singh,2018,Chennai Super Kings
MS Dhoni,2018,Chennai Super Kings
RA Jadeja,2018,Chennai Super Kings
KM Jadhav,2018,Chennai Super Kings
DJ Willey,2018,Chennai Super Kings
MA Wood,2018,Chennai Super Kings
SR Watson,2018,Chennai Super Kings
SN Thakur,2018,Chennai Super Kings
Imran Tahir,2018,Chennai Super Kings
L Ngidi,2018,Chennai Super Kings
DL Chahar,2018,Chennai Super Kings
SK Raina,2018,Chennai Super Kings
KV Sharma,2018,Chennai Super Kings
KM Asif,2018,Chennai Super Kings
DJ Bravo,2018,Chennai Super Kings
AT Rayudu,2018,Chennai Super Kings
BCJ Cutting,2019,Mumbai Indians
Q de Kock,2019,Mumbai Indians
JP Behrendorff,2019,Mumbai Indians
RG Sharma,2019,Mumbai Indians
AS Joseph,2019,Mumbai Indians
JJ Bumrah,2019,Mumbai Indians
J Yadav,2019,Mumbai Indians
Yuvraj Singh,2019,Mumbai Indians
RD Chahar,2019,Mumbai Indians
AS Roy,2019,Mumbai Indians
HH Pandya,2019,Mumbai Indians
M Markande,2019,Mumbai Indians
Ishan Kishan,2019,Mumbai Indians
MJ McClenaghan,2019,Mumbai Indians
SD Lad,2019,Mumbai Indians
Rasikh Salam,2019,Mumbai Indians
SL Malinga,2019,Mumbai Indians
SA Yadav,2019,Mumbai Indians
KA Pollard,2019,Mumbai Indians
BB Sran,2019,Mumbai Indians
E Lewis,2019,Mumbai Indians
KH Pandya,2019,Mumbai Indians
S Sandeep Warrier,2019,Kolkata Knight Riders
SP Narine,2019,Kolkata Knight Riders
PP Chawla,2019,Kolkata Knight Riders
RK Singh,2019,Kolkata Knight Riders
NS Naik,2019,Kolkata Knight Riders
RV Uthappa,2019,Kolkata Knight Riders
CR Brathwaite,2019,Kolkata Knight Riders
M Prasidh Krishna,2019,Kolkata Knight Riders
CA Lynn,2019,Kolkata Knight Riders
JL Denly,2019,Kolkata Knight Riders
HF Gurney,2019,Kolkata Knight Riders
Shubman Gill,2019,Kolkata Knight Riders
LH Ferguson,2019,Kolkata Knight Riders
KD Karthik,2019,Kolkata Knight Riders
KC Cariappa,2019,Kolkata Knight Riders
N Rana,2019,Kolkata Knight Riders
AD Russell,2019,Kolkata Knight Riders
Y Prithvi Raj,2019,Kolkata Knight Riders
Kuldeep Yadav,2019,Kolkata Knight Riders
MJ Santner,2019,Chennai Super Kings
AT Rayudu,2019,Chennai Super Kings
MS Dhoni,2019,Chennai Super Kings
SR Watson,2019,Chennai Super Kings
RA Jadeja,2019,Chennai Super Kings
DJ Bravo,2019,Chennai Super Kings
SN Thakur,2019,Chennai Super Kings
Harbhajan Singh,2019,Chennai Super Kings
F du Plessis,2019,Chennai Super Kings
SW Billings,2019,Chennai Super Kings
SC Kuggeleijn,2019,Chennai Super Kings
DL Chahar,2019,Chennai Super Kings
SK Raina,2019,Chennai Super Kings
KM Jadhav,2019,Chennai Super Kings
M Vijay,2019,Chennai Super Kings
MM Sharma,2019,Chennai Super Kings
DR Shorey,2019,Chennai Super Kings
Imran Tahir,2019,Chennai Super Kings
KV Sharma,2019,Chennai Super Kings
UT Yadav,2019,Royal Challengers Bangalore
V Kohli,2019,Royal Challengers Bangalore
P Ray Barman,2019,Royal Challengers Bangalore
YS Chahal,2019,Royal Challengers Bangalore
Mohammed Siraj,2019,Royal Challengers Bangalore
TG Southee,2019,Royal Challengers Bangalore
Washington Sundar,2019,Royal Challengers Bangalore
P Negi,2019,Royal Challengers Bangalore
S Dube,2019,Royal Challengers Bangalore
MP Stoinis,2019,Royal Challengers Bangalore
K Khejroliya,2019,Royal Challengers Bangalore
AD Nath,2019,Royal Challengers Bangalore
MM Ali,2019,Royal Challengers Bangalore
SO Hetmyer,2019,Royal Challengers Bangalore
DW Steyn,2019,Royal Challengers Bangalore
Navdeep Saini,2019,Royal Challengers Bangalore
AB de Villiers,2019,Royal Challengers Bangalore
H Klaasen,2019,Royal Challengers Bangalore
PA Patel,2019,Royal Challengers Bangalore
Gurkeerat Singh,2019,Royal Challengers Bangalore
C de Grandhomme,2019,Royal Challengers Bangalore
GC Viljoen,2019,Punjab Kings
KL Rahul,2019,Punjab Kings
Harpreet Brar,2019,Punjab Kings
R Ashwin,2019,Punjab Kings
M Ashwin,2019,Punjab Kings
Mandeep Singh,2019,Punjab Kings
KK Nair,2019,Punjab Kings
N Pooran,2019,Punjab Kings
DA Miller,2019,Punjab Kings
AS Rajpoot,2019,Punjab Kings
CH Gayle,2019,Punjab Kings
P Simran Singh,2019,Punjab Kings
Mohammed Shami,2019,Punjab Kings
CV Varun,2019,Punjab Kings
MA Agarwal,2019,Punjab Kings
SM Curran,2019,Punjab Kings
AJ Tye,2019,Punjab Kings
SN Khan,2019,Punjab Kings
Arshdeep Singh,2019,Punjab Kings
Mujeeb Ur Rahman,2019,Punjab Kings
JC Archer,2019,Rajasthan Royals
DS Kulkarni,2019,Rajasthan Royals
JD Unadkat,2019,Rajasthan Royals
RA Tripathi,2019,Rajasthan Royals
S Midhun,2019,Rajasthan Royals
R Parag,2019,Rajasthan Royals
MK Lomror,2019,Rajasthan Royals
VR Aaron,2019,Rajasthan Royals
SPD Smith,2019,Rajasthan Royals
STR Binny,2019,Rajasthan Royals
JC Buttler,2019,Rajasthan Royals
AJ Turner,2019,Rajasthan Royals
LS Livingstone,2019,Rajasthan Royals
AM Rahane,2019,Rajasthan Royals
BA Stokes,2019,Rajasthan Royals
K Gowtham,2019,Rajasthan Royals
O Thomas,2019,Rajasthan Royals
IS Sodhi,2019,Rajasthan Royals
P Chopra,2019,Rajasthan Royals
S Gopal,2019,Rajasthan Royals
SV Samson,2019,Rajasthan Royals
Sandeep Sharma,2019,Sunrisers Hyderabad
S Kaul,2019,Sunrisers Hyderabad
KS Williamson,2019,Sunrisers Hyderabad
KK Ahmed,2019,Sunrisers Hyderabad
MK Pandey,2019,Sunrisers Hyderabad
RK Bhui,2019,Sunrisers Hyderabad
WP Saha,2019,Sunrisers Hyderabad
B Kumar,2019,Sunrisers Hyderabad
Shakib Al Hasan,2019,Sunrisers Hyderabad
DJ Hooda,2019,Sunrisers Hyderabad
Rashid Khan,2019,Sunrisers Hyderabad
Basil Thampi,2019,Sunrisers Hyderabad
Abhishek Sharma,2019,Sunrisers Hyderabad
V Shankar,2019,Sunrisers Hyderabad
Mohammad Nabi,2019,Sunrisers Hyderabad
JM Bairstow,2019,Sunrisers Hyderabad
DA Warner,2019,Sunrisers Hyderabad
YK Pathan,2019,Sunrisers Hyderabad
S Nadeem,2019,Sunrisers Hyderabad
MJ Guptill,2019,Sunrisers Hyderabad
K Rabada,2019,Delhi Capitals
KMA Paul,2019,Delhi Capitals
TA Boult,2019,Delhi Capitals
C Munro,2019,Delhi Capitals
AR Patel,2019,Delhi Capitals
CH Morris,2019,Delhi Capitals
RR Pant,2019,Delhi Capitals
PP Shaw,2019,Delhi Capitals
I Sharma,2019,Delhi Capitals
GH Vihari,2019,Delhi Capitals
HV Patel,2019,Delhi Capitals
CA Ingram,2019,Delhi Capitals
SE Rutherford,2019,Delhi Capitals
A Mishra,2019,Delhi Capitals
J Suchith,2019,Delhi Capitals
R Tewatia,2019,Delhi Capitals
Avesh Khan,2019,Delhi Capitals
SS Iyer,2019,Delhi Capitals
S Dhawan,2019,Delhi Capitals
S Lamichhane,2019,Delhi Capitals
DJ Bravo,2020,Chennai Super Kings
KV Sharma,2020,Chennai Super Kings
KM Jadhav,2020,Chennai Super Kings
DL Chahar,2020,Chennai Super Kings
SR Watson,2020,Chennai Super Kings
Imran Tahir,2020,Chennai Super Kings
MJ Santner,2020,Chennai Super Kings
M Vijay,2020,Chennai Super Kings
MS Dhoni,2020,Chennai Super Kings
Monu Kumar,2020,Chennai Super Kings
N Jagadeesan,2020,Chennai Super Kings
AT Rayudu,2020,Chennai Super Kings
SN Thakur,2020,Chennai Super Kings
JR Hazlewood,2020,Chennai Super Kings
RA Jadeja,2020,Chennai Super Kings
L Ngidi,2020,Chennai Super Kings
RD Gaikwad,2020,Chennai Super Kings
SM Curran,2020,Chennai Super Kings
PP Chawla,2020,Chennai Super Kings
F du Plessis,2020,Chennai Super Kings
KD Karthik,2020,Kolkata Knight Riders
Kuldeep Yadav,2020,Kolkata Knight Riders
M Prasidh Krishna,2020,Kolkata Knight Riders
SP Narine,2020,Kolkata Knight Riders
CV Varun,2020,Kolkata Knight Riders
KL Nagarkoti,2020,Kolkata Knight Riders
T Banton,2020,Kolkata Knight Riders
RA Tripathi,2020,Kolkata Knight Riders
EJG Morgan,2020,Kolkata Knight Riders
CJ Green,2020,Kolkata Knight Riders
NS Naik,2020,Kolkata Knight Riders
N Rana,2020,Kolkata Knight Riders
RK Singh,2020,Kolkata Knight Riders
LH Ferguson,2020,Kolkata Knight Riders
Shivam Mavi,2020,Kolkata Knight Riders
AD Russell,2020,Kolkata Knight Riders
S Sandeep Warrier,2020,Kolkata Knight Riders
Shubman Gill,2020,Kolkata Knight Riders
PJ Cummins,2020,Kolkata Knight Riders
JL Pattinson,2020,Mumbai Indians
KA Pollard,2020,Mumbai Indians
SA Yadav,2020,Mumbai Indians
RG Sharma,2020,Mumbai Indians
Ishan Kishan,2020,Mumbai Indians
J Yadav,2020,Mumbai Indians
KH Pandya,2020,Mumbai Indians
TA Boult,2020,Mumbai Indians
DS Kulkarni,2020,Mumbai Indians
NM Coulter-Nile,2020,Mumbai Indians
HH Pandya,2020,Mumbai Indians
Q de Kock,2020,Mumbai Indians
RD Chahar,2020,Mumbai Indians
JJ Bumrah,2020,Mumbai Indians
SS Tiwary,2020,Mumbai Indians
DR Sams,2020,Delhi Capitals
SO Hetmyer,2020,Delhi Capitals
AR Patel,2020,Delhi Capitals
HV Patel,2020,Delhi Capitals
I Sharma,2020,Delhi Capitals
A Mishra,2020,Delhi Capitals
MM Sharma,2020,Delhi Capitals
MP Stoinis,2020,Delhi Capitals
P Dubey,2020,Delhi Capitals
R Ashwin,2020,Delhi Capitals
TU Deshpande,2020,Delhi Capitals
SS Iyer,2020,Delhi Capitals
A Nortje,2020,Delhi Capitals
S Dhawan,2020,Delhi Capitals
AT Carey,2020,Delhi Capitals
AM Rahane,2020,Delhi Capitals
RR Pant,2020,Delhi Capitals
Avesh Khan,2020,Delhi Capitals
PP Shaw,2020,Delhi Capitals
K Rabada,2020,Delhi Capitals
SPD Smith,2020,Rajasthan Royals
VR Aaron,2020,Rajasthan Royals
MK Lomror,2020,Rajasthan Royals
YBK Jaiswal,2020,Rajasthan Royals
DA Miller,2020,Rajasthan Royals
JC Archer,2020,Rajasthan Royals
TK Curran,2020,Rajasthan Royals
Kartik Tyagi,2020,Rajasthan Royals
AS Rajpoot,2020,Rajasthan Royals
AJ Tye,2020,Rajasthan Royals
BA Stokes,2020,Rajasthan Royals
R Parag,2020,Rajasthan Royals
RV Uthappa,2020,Rajasthan Royals
S Gopal,2020,Rajasthan Royals
JD Unadkat,2020,Rajasthan Royals
JC Buttler,2020,Rajasthan Royals
SV Samson,2020,Rajasthan Royals
R Tewatia,2020,Rajasthan Royals
SP Goswami,2020,Sunrisers Hyderabad
S Nadeem,2020,Sunrisers Hyderabad
DA Warner,2020,Sunrisers Hyderabad
Abdul Samad,2020,Sunrisers Hyderabad
S Kaul,2020,Sunrisers Hyderabad
Basil Thampi,2020,Sunrisers Hyderabad
JO Holder,2020,Sunrisers Hyderabad
KS Williamson,2020,Sunrisers Hyderabad
MR Marsh,2020,Sunrisers Hyderabad
KK Ahmed,2020,Sunrisers Hyderabad
Sandeep Sharma,2020,Sunrisers Hyderabad
PK Garg,2020,Sunrisers Hyderabad
WP Saha,2020,Sunrisers Hyderabad
V Shankar,2020,Sunrisers Hyderabad
Abhishek Sharma,2020,Sunrisers Hyderabad
T Natarajan,2020,Sunrisers Hyderabad
B Kumar,2020,Sunrisers Hyderabad
Rashid Khan,2020,Sunrisers Hyderabad
JM Bairstow,2020,Sunrisers Hyderabad
MK Pandey,2020,Sunrisers Hyderabad
Mohammad Nabi,2020,Sunrisers Hyderabad
P Simran Singh,2020,Punjab Kings
SS Cottrell,2020,Punjab Kings
SN Khan,2020,Punjab Kings
Mandeep Singh,2020,Punjab Kings
Arshdeep Singh,2020,Punjab Kings
DJ Hooda,2020,Punjab Kings
CJ Jordan,2020,Punjab Kings
N Pooran,2020,Punjab Kings
KL Rahul,2020,Punjab Kings
MA Agarwal,2020,Punjab Kings
CH Gayle,2020,Punjab Kings
Harpreet Brar,2020,Punjab Kings
GJ Maxwell,2020,Punjab Kings
K Gowtham,2020,Punjab Kings
Mujeeb Ur Rahman,2020,Punjab Kings
Ravi Bishnoi,2020,Punjab Kings
KK Nair,2020,Punjab Kings
JDS Neesham,2020,Punjab Kings
M Ashwin,2020,Punjab Kings
Mohammed Shami,2020,Punjab Kings
CH Morris,2020,Royal Challengers Bangalore
A Zampa,2020,Royal Challengers Bangalore
V Kohli,2020,Royal Challengers Bangalore
D Padikkal,2020,Royal Challengers Bangalore
I Udana,2020,Royal Challengers Bangalore
S Dube,2020,Royal Challengers Bangalore
Navdeep Saini,2020,Royal Challengers Bangalore
AJ Finch,2020,Royal Challengers Bangalore
YS Chahal,2020,Royal Challengers Bangalore
Gurkeerat Singh,2020,Royal Challengers Bangalore
JR Philippe,2020,Royal Challengers Bangalore
DW Steyn,2020,Royal Challengers Bangalore
AB de Villiers,2020,Royal Challengers Bangalore
Shahbaz Ahmed,2020,Royal Challengers Bangalore
Mohammed Siraj,2020,Royal Challengers Bangalore
Washington Sundar,2020,Royal Challengers Bangalore
UT Yadav,2020,Royal Challengers Bangalore
MM Ali,2020,Royal Challengers Bangalore
AU Rashid,2021,Punjab Kings
NT Ellis,2021,Punjab Kings
Jalaj S Saxena,2021,Punjab Kings
MC Henriques,2021,Punjab Kings
IC Porel,2021,Punjab Kings
KL Rahul,2021,Punjab Kings
P Simran Singh,2021,Punjab Kings
Mohammed Shami,2021,Punjab Kings
Ravi Bishnoi,2021,Punjab Kings
SN Khan,2021,Punjab Kings
FA Allen,2021,Punjab Kings
Mandeep Singh,2021,Punjab Kings
AK Markram,2021,Punjab Kings
MA Agarwal,2021,Punjab Kings
M Shahrukh Khan,2021,Punjab Kings
M Ashwin,2021,Punjab Kings
JA Richardson,2021,Punjab Kings
RP Meredith,2021,Punjab Kings
DJ Malan,2021,Punjab Kings
DJ Hooda,2021,Punjab Kings
N Pooran,2021,Punjab Kings
Harpreet Brar,2021,Punjab Kings
CH Gayle,2021,Punjab Kings
Arshdeep Singh,2021,Punjab Kings
CJ Jordan,2021,Punjab Kings
WP Saha,2021,Sunrisers Hyderabad
Virat Singh,2021,Sunrisers Hyderabad
J Suchith,2021,Sunrisers Hyderabad
V Shankar,2021,Sunrisers Hyderabad
Umran Malik,2021,Sunrisers Hyderabad
Mujeeb Ur Rahman,2021,Sunrisers Hyderabad
DA Warner,2021,Sunrisers Hyderabad
Abdul Samad,2021,Sunrisers Hyderabad
KM Jadhav,2021,Sunrisers Hyderabad
Abhishek Sharma,2021,Sunrisers Hyderabad
JO Holder,2021,Sunrisers Hyderabad
T Natarajan,2021,Sunrisers Hyderabad
Sandeep Sharma,2021,Sunrisers Hyderabad
KK Ahmed,2021,Sunrisers Hyderabad
Mohammad Nabi,2021,Sunrisers Hyderabad
JM Bairstow,2021,Sunrisers Hyderabad
Rashid Khan,2021,Sunrisers Hyderabad
KS Williamson,2021,Sunrisers Hyderabad
B Kumar,2021,Sunrisers Hyderabad
S Kaul,2021,Sunrisers Hyderabad
JJ Roy,2021,Sunrisers Hyderabad
MK Pandey,2021,Sunrisers Hyderabad
S Nadeem,2021,Sunrisers Hyderabad
PK Garg,2021,Sunrisers Hyderabad
AT Rayudu,2021,Chennai Super Kings
Imran Tahir,2021,Chennai Super Kings
DL Chahar,2021,Chennai Super Kings
KM Asif,2021,Chennai Super Kings
F du Plessis,2021,Chennai Super Kings
SK Raina,2021,Chennai Super Kings
SM Curran,2021,Chennai Super Kings
RA Jadeja,2021,Chennai Super Kings
L Ngidi,2021,Chennai Super Kings
MS Dhoni,2021,Chennai Super Kings
SN Thakur,2021,Chennai Super Kings
DJ Bravo,2021,Chennai Super Kings
JR Hazlewood,2021,Chennai Super Kings
MM Ali,2021,Chennai Super Kings
RV Uthappa,2021,Chennai Super Kings
RD Gaikwad,2021,Chennai Super Kings
S Dhawan,2021,Delhi Capitals
AM Rahane,2021,Delhi Capitals
SO Hetmyer,2021,Delhi Capitals
RR Pant,2021,Delhi Capitals
A Mishra,2021,Delhi Capitals
AR Patel,2021,Delhi Capitals
PP Shaw,2021,Delhi Capitals
RV Patel,2021,Delhi Capitals
SS Iyer,2021,Delhi Capitals
K Rabada,2021,Delhi Capitals
I Sharma,2021,Delhi Capitals
Lalit Yadav,2021,Delhi Capitals
MP Stoinis,2021,Delhi Capitals
CR Woakes,2021,Delhi Capitals
Avesh Khan,2021,Delhi Capitals
A Nortje,2021,Delhi Capitals
TK Curran,2021,Delhi Capitals
SPD Smith,2021,Delhi Capitals
LI Meriwala,2021,Delhi Capitals
R Ashwin,2021,Delhi Capitals
DT Christian,2021,Royal Challengers Bangalore
GHS Garton,2021,Royal Challengers Bangalore
D Padikkal,2021,Royal Challengers Bangalore
YS Chahal,2021,Royal Challengers Bangalore
AB de Villiers,2021,Royal Challengers Bangalore
Washington Sundar,2021,Royal Challengers Bangalore
Sachin Baby,2021,Royal Challengers Bangalore
KA Jamieson,2021,Royal Challengers Bangalore
V Kohli,2021,Royal Challengers Bangalore
Navdeep Saini,2021,Royal Challengers Bangalore
HV Patel,2021,Royal Challengers Bangalore
Mohammed Siraj,2021,Royal Challengers Bangalore
DR Sams,2021,Royal Challengers Bangalore
Shahbaz Ahmed,2021,Royal Challengers Bangalore
PWH de Silva,2021,Royal Challengers Bangalore
KS Bharat,2021,Royal Challengers Bangalore
TH David,2021,Royal Challengers Bangalore
KW Richardson,2021,Royal Challengers Bangalore
RM Patidar,2021,Royal Challengers Bangalore
GJ Maxwell,2021,Royal Challengers Bangalore
LH Ferguson,2021,Kolkata Knight Riders
Shakib Al Hasan,2021,Kolkata Knight Riders
M Prasidh Krishna,2021,Kolkata Knight Riders
S Sandeep Warrier,2021,Kolkata Knight Riders
TL Seifert,2021,Kolkata Knight Riders
PJ Cummins,2021,Kolkata Knight Riders
KL Nagarkoti,2021,Kolkata Knight Riders
CV Varun,2021,Kolkata Knight Riders
Shivam Mavi,2021,Kolkata Knight Riders
EJG Morgan,2021,Kolkata Knight Riders
Harbhajan Singh,2021,Kolkata Knight Riders
RA Tripathi,2021,Kolkata Knight Riders
N Rana,2021,Kolkata Knight Riders
Shubman Gill,2021,Kolkata Knight Riders
VR Iyer,2021,Kolkata Knight Riders
KD Karthik,2021,Kolkata Knight Riders
SP Narine,2021,Kolkata Knight Riders
TG Southee,2021,Kolkata Knight Riders
AD Russell,2021,Kolkata Knight Riders
Ishan Kishan,2021,Mumbai Indians
PP Chawla,2021,Mumbai Indians
SA Yadav,2021,Mumbai Indians
KH Pandya,2021,Mumbai Indians
AF Milne,2021,Mumbai Indians
NM Coulter-Nile,2021,Mumbai Indians
KA Pollard,2021,Mumbai Indians
M Jansen,2021,Mumbai Indians
RD Chahar,2021,Mumbai Indians
HH Pandya,2021,Mumbai Indians
Anmolpreet Singh,2021,Mumbai Indians
JJ Bumrah,2021,Mumbai Indians
RG Sharma,2021,Mumbai Indians
TA Boult,2021,Mumbai Indians
Q de Kock,2021,Mumbai Indians
J Yadav,2021,Mumbai Indians
DS Kulkarni,2021,Mumbai Indians
SS Tiwary,2021,Mumbai Indians
CA Lynn,2021,Mumbai Indians
JDS Neesham,2021,Mumbai Indians
CH Morris,2021,Rajasthan Royals
DA Miller,2021,Rajasthan Royals
Anuj Rawat,2021,Rajasthan Royals
SV Samson,2021,Rajasthan Royals
S Dube,2021,Rajasthan Royals
JD Unadkat,2021,Rajasthan Royals
M Vohra,2021,Rajasthan Royals
E Lewis,2021,Rajasthan Royals
R Tewatia,2021,Rajasthan Royals
Akash Singh,2021,Rajasthan Royals
S Gopal,2021,Rajasthan Royals
K Yadav,2021,Rajasthan Royals
BA Stokes,2021,Rajasthan Royals
GD Phillips,2021,Rajasthan Royals
R Parag,2021,Rajasthan Royals
MK Lomror,2021,Rajasthan Royals
T Shamsi,2021,Rajasthan Royals
JC Buttler,2021,Rajasthan Royals
Kartik Tyagi,2021,Rajasthan Royals
M Markande,2021,Rajasthan Royals
YBK Jaiswal,2021,Rajasthan Royals
LS Livingstone,2021,Rajasthan Royals
C Sakariya,2021,Rajasthan Royals
Mustafizur Rahman,2021,Rajasthan Royals
SO Hetmyer,2022,Rajasthan Royals
YBK Jaiswal,2022,Rajasthan Royals
NM Coulter-Nile,2022,Rajasthan Royals
JC Buttler,2022,Rajasthan Royals
SV Samson,2022,Rajasthan Royals
R Ashwin,2022,Rajasthan Royals
DJ Mitchell,2022,Rajasthan Royals
Navdeep Saini,2022,Rajasthan Royals
R Parag,2022,Rajasthan Royals
HE van der Dussen,2022,Rajasthan Royals
YS Chahal,2022,Rajasthan Royals
JDS Neesham,2022,Rajasthan Royals
KK Nair,2022,Rajasthan Royals
TA Boult,2022,Rajasthan Royals
OC McCoy,2022,Rajasthan Royals
D Padikkal,2022,Rajasthan Royals
M Prasidh Krishna,2022,Rajasthan Royals
KR Sen,2022,Rajasthan Royals
M Jansen,2022,Sunrisers Hyderabad
S Gopal,2022,Sunrisers Hyderabad
B Kumar,2022,Sunrisers Hyderabad
T Natarajan,2022,Sunrisers Hyderabad
R Shepherd,2022,Sunrisers Hyderabad
J Suchith,2022,Sunrisers Hyderabad
PK Garg,2022,Sunrisers Hyderabad
AK Markram,2022,Sunrisers Hyderabad
Abhishek Sharma,2022,Sunrisers Hyderabad
KS Williamson,2022,Sunrisers Hyderabad
Abdul Samad,2022,Sunrisers Hyderabad
Kartik Tyagi,2022,Sunrisers Hyderabad
SA Abbott,2022,Sunrisers Hyderabad
Washington Sundar,2022,Sunrisers Hyderabad
Fazalhaq Farooqi,2022,Sunrisers Hyderabad
Umran Malik,2022,Sunrisers Hyderabad
RA Tripathi,2022,Sunrisers Hyderabad
Shashank Singh,2022,Sunrisers Hyderabad
N Pooran,2022,Sunrisers Hyderabad
Simarjeet Singh,2022,Chennai Super Kings
M Pathirana,2022,Chennai Super Kings
DJ Bravo,2022,Chennai Super Kings
AT Rayudu,2022,Chennai Super Kings
RD Gaikwad,2022,Chennai Super Kings
RV Uthappa,2022,Chennai Super Kings
D Pretorius,2022,Chennai Super Kings
S Dube,2022,Chennai Super Kings
CJ Jordan,2022,Chennai Super Kings
MS Dhoni,2022,Chennai Super Kings
PH Solanki,2022,Chennai Super Kings
Mukesh Choudhary,2022,Chennai Super Kings
TU Deshpande,2022,Chennai Super Kings
DP Conway,2022,Chennai Super Kings
MM Ali,2022,Chennai Super Kings
RA Jadeja,2022,Chennai Super Kings
MJ Santner,2022,Chennai Super Kings
AF Milne,2022,Chennai Super Kings
N Jagadeesan,2022,Chennai Super Kings
M Theekshana,2022,Chennai Super Kings
TS Mills,2022,Mumbai Indians
JJ Bumrah,2022,Mumbai Indians
T Stubbs,2022,Mumbai Indians
Tilak Varma,2022,Mumbai Indians
M Markande,2022,Mumbai Indians
HR Shokeen,2022,Mumbai Indians
SA Yadav,2022,Mumbai Indians
Ramandeep Singh,2022,Mumbai Indians
D Brevis,2022,Mumbai Indians
RP Meredith,2022,Mumbai Indians
JD Unadkat,2022,Mumbai Indians
FA Allen,2022,Mumbai Indians
Basil Thampi,2022,Mumbai Indians
Anmolpreet Singh,2022,Mumbai Indians
TH David,2022,Mumbai Indians
DR Sams,2022,Mumbai Indians
RG Sharma,2022,Mumbai Indians
R Sanjay Yadav,2022,Mumbai Indians
KA Pollard,2022,Mumbai Indians
M Ashwin,2022,Mumbai Indians
K Kartikeya,2022,Mumbai Indians
Ishan Kishan,2022,Mumbai Indians
Harpreet Brar,2022,Punjab Kings
OF Smith,2022,Punjab Kings
RA Bawa,2022,Punjab Kings
RD Chahar,2022,Punjab Kings
Sandeep Sharma,2022,Punjab Kings
S Dhawan,2022,Punjab Kings
PN Mankad,2022,Punjab Kings
Arshdeep Singh,2022,Punjab Kings
JM Bairstow,2022,Punjab Kings
NT Ellis,2022,Punjab Kings
K Rabada,2022,Punjab Kings
PBB Rajapaksa,2022,Punjab Kings
M Shahrukh Khan,2022,Punjab Kings
JM Sharma,2022,Punjab Kings
R Dhawan,2022,Punjab Kings
P Simran Singh,2022,Punjab Kings
MA Agarwal,2022,Punjab Kings
LS Livingstone,2022,Punjab Kings
VG Arora,2022,Punjab Kings
Mohammed Siraj,2022,Royal Challengers Bangalore
DJ Willey,2022,Royal Challengers Bangalore
JR Hazlewood,2022,Royal Challengers Bangalore
SE Rutherford,2022,Royal Challengers Bangalore
RM Patidar,2022,Royal Challengers Bangalore
PWH de Silva,2022,Royal Challengers Bangalore
V Kohli,2022,Royal Challengers Bangalore
Akash Deep,2022,Royal Challengers Bangalore
MK Lomror,2022,Royal Challengers Bangalore
Anuj Rawat,2022,Royal Challengers Bangalore
SS Prabhudessai,2022,Royal Challengers Bangalore
Shahbaz Ahmed,2022,Royal Challengers Bangalore
GJ Maxwell,2022,Royal Challengers Bangalore
F du Plessis,2022,Royal Challengers Bangalore
HV Patel,2022,Royal Challengers Bangalore
KD Karthik,2022,Royal Challengers Bangalore
S Kaul,2022,Royal Challengers Bangalore
K Gowtham,2022,Lucknow Super Giants
Ravi Bishnoi,2022,Lucknow Super Giants
DJ Hooda,2022,Lucknow Super Giants
A Badoni,2022,Lucknow Super Giants
PVD Chameera,2022,Lucknow Super Giants
MP Stoinis,2022,Lucknow Super Giants
MK Pandey,2022,Lucknow Super Giants
Avesh Khan,2022,Lucknow Super Giants
AJ Tye,2022,Lucknow Super Giants
Q de Kock,2022,Lucknow Super Giants
JO Holder,2022,Lucknow Super Giants
E Lewis,2022,Lucknow Super Giants
KH Pandya,2022,Lucknow Super Giants
Mohsin Khan,2022,Lucknow Super Giants
M Vohra,2022,Lucknow Super Giants
KL Rahul,2022,Lucknow Super Giants
KS Sharma,2022,Lucknow Super Giants
KK Ahmed,2022,Delhi Capitals
KL Nagarkoti,2022,Delhi Capitals
Kuldeep Yadav,2022,Delhi Capitals
DA Warner,2022,Delhi Capitals
Lalit Yadav,2022,Delhi Capitals
PP Shaw,2022,Delhi Capitals
RR Pant,2022,Delhi Capitals
R Powell,2022,Delhi Capitals
SN Khan,2022,Delhi Capitals
RV Patel,2022,Delhi Capitals
Mandeep Singh,2022,Delhi Capitals
A Nortje,2022,Delhi Capitals
SN Thakur,2022,Delhi Capitals
TL Seifert,2022,Delhi Capitals
Mustafizur Rahman,2022,Delhi Capitals
AR Patel,2022,Delhi Capitals
KS Bharat,2022,Delhi Capitals
C Sakariya,2022,Delhi Capitals
MR Marsh,2022,Delhi Capitals
R Tewatia,2022,Gujarat Titans
AS Joseph,2022,Gujarat Titans
Shubman Gill,2022,Gujarat Titans
Yash Dayal,2022,Gujarat Titans
Rashid Khan,2022,Gujarat Titans
MS Wade,2022,Gujarat Titans
LH Ferguson,2022,Gujarat Titans
V Shankar,2022,Gujarat Titans
Mohammed Shami,2022,Gujarat Titans
B Sai Sudharsan,2022,Gujarat Titans
VR Aaron,2022,Gujarat Titans
R Sai Kishore,2022,Gujarat Titans
PJ Sangwan,2022,Gujarat Titans
HH Pandya,2022,Gujarat Titans
WP Saha,2022,Gujarat Titans
A Manohar,2022,Gujarat Titans
DG Nalkande,2022,Gujarat Titans
DA Miller,2022,Gujarat Titans
Rasikh Salam,2022,Kolkata Knight Riders
AM Rahane,2022,Kolkata Knight Riders
B Indrajith,2022,Kolkata Knight Riders
UT Yadav,2022,Kolkata Knight Riders
PJ Cummins,2022,Kolkata Knight Riders
SP Jackson,2022,Kolkata Knight Riders
SP Narine,2022,Kolkata Knight Riders
VR Iyer,2022,Kolkata Knight Riders
N Rana,2022,Kolkata Knight Riders
AD Russell,2022,Kolkata Knight Riders
SW Billings,2022,Kolkata Knight Riders
Harshit Rana,2022,Kolkata Knight Riders
SS Iyer,2022,Kolkata Knight Riders
AS Roy,2022,Kolkata Knight Riders
A Tomar,2022,Kolkata Knight Riders
Aman Hakim Khan,2022,Kolkata Knight Riders
TG Southee,2022,Kolkata Knight Riders
RK Singh,2022,Kolkata Knight Riders
Shivam Mavi,2022,Kolkata Knight Riders
CV Varun,2022,Kolkata Knight Riders
AJ Finch,2022,Kolkata Knight Riders
MA Wood,2023,Lucknow Super Giants
Q de Kock,2023,Lucknow Super Giants
JD Unadkat,2023,Lucknow Super Giants
KL Rahul,2023,Lucknow Super Giants
Yudhvir Singh,2023,Lucknow Super Giants
A Mishra,2023,Lucknow Super Giants
Mohsin Khan,2023,Lucknow Super Giants
KS Sharma,2023,Lucknow Super Giants
M Vohra,2023,Lucknow Super Giants
MP Stoinis,2023,Lucknow Super Giants
DJ Hooda,2023,Lucknow Super Giants
N Pooran,2023,Lucknow Super Giants
PN Mankad,2023,Lucknow Super Giants
Avesh Khan,2023,Lucknow Super Giants
Swapnil Singh,2023,Lucknow Super Giants
R Shepherd,2023,Lucknow Super Giants
KR Mayers,2023,Lucknow Super Giants
Yash Thakur,2023,Lucknow Super Giants
Ravi Bishnoi,2023,Lucknow Super Giants
Naveen-ul-Haq,2023,Lucknow Super Giants
A Badoni,2023,Lucknow Super Giants
K Gowtham,2023,Lucknow Super Giants
KH Pandya,2023,Lucknow Super Giants
MM Sharma,2023,Gujarat Titans
A Manohar,2023,Gujarat Titans
KS Williamson,2023,Gujarat Titans
J Yadav,2023,Gujarat Titans
R Tewatia,2023,Gujarat Titans
Mohammed Shami,2023,Gujarat Titans
J Little,2023,Gujarat Titans
MD Shanaka,2023,Gujarat Titans
Shubman Gill,2023,Gujarat Titans
WP Saha,2023,Gujarat Titans
DG Nalkande,2023,Gujarat Titans
V Shankar,2023,Gujarat Titans
DA Miller,2023,Gujarat Titans
B Sai Sudharsan,2023,Gujarat Titans
HH Pandya,2023,Gujarat Titans
Rashid Khan,2023,Gujarat Titans
AS Joseph,2023,Gujarat Titans
Yash Dayal,2023,Gujarat Titans
Noor Ahmad,2023,Gujarat Titans
Abishek Porel,2023,Delhi Capitals
Lalit Yadav,2023,Delhi Capitals
AR Patel,2023,Delhi Capitals
SN Khan,2023,Delhi Capitals
YV Dhull,2023,Delhi Capitals
KK Ahmed,2023,Delhi Capitals
C Sakariya,2023,Delhi Capitals
A Nortje,2023,Delhi Capitals
R Powell,2023,Delhi Capitals
P Dubey,2023,Delhi Capitals
Aman Hakim Khan,2023,Delhi Capitals
DA Warner,2023,Delhi Capitals
MR Marsh,2023,Delhi Capitals
I Sharma,2023,Delhi Capitals
RR Rossouw,2023,Delhi Capitals
PD Salt,2023,Delhi Capitals
Kuldeep Yadav,2023,Delhi Capitals
Mukesh Kumar,2023,Delhi Capitals
PK Garg,2023,Delhi Capitals
RV Patel,2023,Delhi Capitals
PP Shaw,2023,Delhi Capitals
Mustafizur Rahman,2023,Delhi Capitals
MK Pandey,2023,Delhi Capitals
AS Roy,2023,Kolkata Knight Riders
SP Narine,2023,Kolkata Knight Riders
CV Varun,2023,Kolkata Knight Riders
UT Yadav,2023,Kolkata Knight Riders
VR Iyer,2023,Kolkata Knight Riders
AD Russell,2023,Kolkata Knight Riders
JJ Roy,2023,Kolkata Knight Riders
Rahmanullah Gurbaz,2023,Kolkata Knight Riders
SN Thakur,2023,Kolkata Knight Riders
D Wiese,2023,Kolkata Knight Riders
K Khejroliya,2023,Kolkata Knight Riders
VG Arora,2023,Kolkata Knight Riders
N Rana,2023,Kolkata Knight Riders
Mandeep Singh,2023,Kolkata Knight Riders
Liton Das,2023,Kolkata Knight Riders
RK Singh,2023,Kolkata Knight Riders
TG Southee,2023,Kolkata Knight Riders
Suyash Sharma,2023,Kolkata Knight Riders
Harshit Rana,2023,Kolkata Knight Riders
LH Ferguson,2023,Kolkata Knight Riders
N Jagadeesan,2023,Kolkata Knight Riders
Harpreet Brar,2023,Punjab Kings
Sikandar Raza,2023,Punjab Kings
K Rabada,2023,Punjab Kings
M Shahrukh Khan,2023,Punjab Kings
S Dhawan,2023,Punjab Kings
Harpreet Singh,2023,Punjab Kings
SM Curran,2023,Punjab Kings
MW Short,2023,Punjab Kings
Arshdeep Singh,2023,Punjab Kings
JM Sharma,2023,Punjab Kings
Atharva Taide,2023,Punjab Kings
PBB Rajapaksa,2023,Punjab Kings
Mohit Rathee,2023,Punjab Kings
P Simran Singh,2023,Punjab Kings
R Dhawan,2023,Punjab Kings
RD Chahar,2023,Punjab Kings
NT Ellis,2023,Punjab Kings
Gurnoor Brar,2023,Punjab Kings
LS Livingstone,2023,Punjab Kings
MG Bracewell,2023,Royal Challengers Bangalore
MK Lomror,2023,Royal Challengers Bangalore
RJW Topley,2023,Royal Challengers Bangalore
GJ Maxwell,2023,Royal Challengers Bangalore
WD Parnell,2023,Royal Challengers Bangalore
Mohammed Siraj,2023,Royal Challengers Bangalore
JR Hazlewood,2023,Royal Challengers Bangalore
PWH de Silva,2023,Royal Challengers Bangalore
KV Sharma,2023,Royal Challengers Bangalore
KM Jadhav,2023,Royal Challengers Bangalore
H Sharma,2023,Royal Challengers Bangalore
SS Prabhudessai,2023,Royal Challengers Bangalore
F du Plessis,2023,Royal Challengers Bangalore
Shahbaz Ahmed,2023,Royal Challengers Bangalore
Anuj Rawat,2023,Royal Challengers Bangalore
Akash Deep,2023,Royal Challengers Bangalore
DJ Willey,2023,Royal Challengers Bangalore
Vijaykumar Vyshak,2023,Royal Challengers Bangalore
V Kohli,2023,Royal Challengers Bangalore
KD Karthik,2023,Royal Challengers Bangalore
HV Patel,2023,Royal Challengers Bangalore
Washington Sundar,2023,Sunrisers Hyderabad
MA Agarwal,2023,Sunrisers Hyderabad
Kartik Tyagi,2023,Sunrisers Hyderabad
H Klaasen,2023,Sunrisers Hyderabad
M Jansen,2023,Sunrisers Hyderabad
Abhishek Sharma,2023,Sunrisers Hyderabad
Umran Malik,2023,Sunrisers Hyderabad
Sanvir Singh,2023,Sunrisers Hyderabad
Vivrant Sharma,2023,Sunrisers Hyderabad
HC Brook,2023,Sunrisers Hyderabad
Fazalhaq Farooqi,2023,Sunrisers Hyderabad
AJ Hosein,2023,Sunrisers Hyderabad
Abdul Samad,2023,Sunrisers Hyderabad
Anmolpreet Singh,2023,Sunrisers Hyderabad
M Markande,2023,Sunrisers Hyderabad
B Kumar,2023,Sunrisers Hyderabad
GD Phillips,2023,Sunrisers Hyderabad
AK Markram,2023,Sunrisers Hyderabad
RA Tripathi,2023,Sunrisers Hyderabad
T Natarajan,2023,Sunrisers Hyderabad
AU Rashid,2023,Sunrisers Hyderabad
Nithish Kumar Reddy,2023,Sunrisers Hyderabad
Mayank Dagar,2023,Sunrisers Hyderabad
RG Sharma,2023,Mumbai Indians
C Green,2023,Mumbai Indians
HR Shokeen,2023,Mumbai Indians
N Wadhera,2023,Mumbai Indians
JP Behrendorff,2023,Mumbai Indians
JC Archer,2023,Mumbai Indians
R Goyal,2023,Mumbai Indians
TH David,2023,Mumbai Indians
Arjun Tendulkar,2023,Mumbai Indians
Akash Madhwal,2023,Mumbai Indians
K Kartikeya,2023,Mumbai Indians
SA Yadav,2023,Mumbai Indians
Ishan Kishan,2023,Mumbai Indians
Arshad Khan,2023,Mumbai Indians
Tilak Varma,2023,Mumbai Indians
RP Meredith,2023,Mumbai Indians
T Stubbs,2023,Mumbai Indians
CJ Jordan,2023,Mumbai Indians
Vishnu Vinod,2023,Mumbai Indians
D Jansen,2023,Mumbai Indians
PP Chawla,2023,Mumbai Indians
DP Conway,2023,Chennai Super Kings
AT Rayudu,2023,Chennai Super Kings
MM Ali,2023,Chennai Super Kings
RD Gaikwad,2023,Chennai Super Kings
S Dube,2023,Chennai Super Kings
RA Jadeja,2023,Chennai Super Kings
M Pathirana,2023,Chennai Super Kings
D Pretorius,2023,Chennai Super Kings
M Theekshana,2023,Chennai Super Kings
Akash Singh,2023,Chennai Super Kings
AM Rahane,2023,Chennai Super Kings
SSB Magala,2023,Chennai Super Kings
BA Stokes,2023,Chennai Super Kings
TU Deshpande,2023,Chennai Super Kings
RS Hangargekar,2023,Chennai Super Kings
DL Chahar,2023,Chennai Super Kings
MS Dhoni,2023,Chennai Super Kings
MJ Santner,2023,Chennai Super Kings
JE Root,2023,Rajasthan Royals
A Zampa,2023,Rajasthan Royals
D Padikkal,2023,Rajasthan Royals
Sandeep Sharma,2023,Rajasthan Royals
SV Samson,2023,Rajasthan Royals
SO Hetmyer,2023,Rajasthan Royals
YBK Jaiswal,2023,Rajasthan Royals
Abdul Basith,2023,Rajasthan Royals
NA Saini,2023,Rajasthan Royals
TA Boult,2023,Rajasthan Royals
Dhruv Jurel,2023,Rajasthan Royals
KM Asif,2023,Rajasthan Royals
JC Buttler,2023,Rajasthan Royals
KR Sen,2023,Rajasthan Royals
JO Holder,2023,Rajasthan Royals
YS Chahal,2023,Rajasthan Royals
R Parag,2023,Rajasthan Royals
OC McCoy,2023,Rajasthan Royals
R Ashwin,2023,Rajasthan Royals
K Yadav,2023,Rajasthan Royals
M Ashwin,2023,Rajasthan Royals
Navdeep Saini,2023,Rajasthan Royals
